DATE,WILL5000IND
2006-12-01,50.41
2006-12-04,50.91
2006-12-05,51.10
2006-12-06,51.06
2006-12-07,50.85
2006-12-08,50.93
2006-12-11,51.02
2006-12-12,50.93
2006-12-13,51.00
2006-12-14,51.41
2006-12-15,51.45
2006-12-18,51.21
2006-12-19,51.30
2006-12-20,51.26
2006-12-21,51.07
2006-12-22,50.83
2006-12-25,.
2006-12-26,51.07
2006-12-27,51.46
2006-12-28,51.38
2006-12-29,51.14
2007-01-01,.
2007-01-02,.
2007-01-03,51.09
2007-01-04,51.17
2007-01-05,50.80
2007-01-08,50.92
2007-01-09,50.93
2007-01-10,51.06
2007-01-11,51.43
2007-01-12,51.70
2007-01-15,.
2007-01-16,51.72
2007-01-17,51.68
2007-01-18,51.45
2007-01-19,51.65
2007-01-22,51.37
2007-01-23,51.59
2007-01-24,52.05
2007-01-25,51.47
2007-01-26,51.46
2007-01-29,51.47
2007-01-30,51.77
2007-01-31,52.11
2007-02-01,52.42
2007-02-02,52.52
2007-02-05,52.48
2007-02-06,52.55
2007-02-07,52.69
2007-02-08,52.64
2007-02-09,52.25
2007-02-12,52.06
2007-02-13,52.47
2007-02-14,52.84
2007-02-15,52.92
2007-02-16,52.92
2007-02-19,.
2007-02-20,53.12
2007-02-21,53.08
2007-02-22,53.07
2007-02-23,52.90
2007-02-26,52.82
2007-02-27,51.02
2007-02-28,51.29
2007-03-01,51.15
2007-03-02,50.52
2007-03-05,49.94
2007-03-06,50.76
2007-03-07,50.66
2007-03-08,51.03
2007-03-09,51.09
2007-03-12,51.25
2007-03-13,50.22
2007-03-14,50.52
2007-03-15,50.76
2007-03-16,50.55
2007-03-19,51.11
2007-03-20,51.44
2007-03-21,52.30
2007-03-22,52.30
2007-03-23,52.37
2007-03-26,52.40
2007-03-27,52.08
2007-03-28,51.71
2007-03-29,51.88
2007-03-30,51.85
2007-04-02,52.00
2007-04-03,52.48
2007-04-04,52.53
2007-04-05,52.71
2007-04-06,.
2007-04-09,52.74
2007-04-10,52.88
2007-04-11,52.55
2007-04-12,52.88
2007-04-13,53.07
2007-04-16,53.64
2007-04-17,53.71
2007-04-18,53.71
2007-04-19,53.60
2007-04-20,54.08
2007-04-23,53.99
2007-04-24,53.96
2007-04-25,54.47
2007-04-26,54.47
2007-04-27,54.42
2007-04-30,53.93
2007-05-01,54.05
2007-05-02,54.48
2007-05-03,54.70
2007-05-04,54.84
2007-05-07,54.95
2007-05-08,54.89
2007-05-09,55.11
2007-05-10,54.34
2007-05-11,54.88
2007-05-14,54.74
2007-05-15,54.60
2007-05-16,55.05
2007-05-17,54.99
2007-05-18,55.35
2007-05-21,55.53
2007-05-22,55.57
2007-05-23,55.49
2007-05-24,54.89
2007-05-25,55.20
2007-05-28,.
2007-05-29,55.36
2007-05-30,55.84
2007-05-31,55.90
2007-06-01,56.14
2007-06-04,56.26
2007-06-05,55.96
2007-06-06,55.45
2007-06-07,54.46
2007-06-08,55.06
2007-06-11,55.11
2007-06-12,54.52
2007-06-13,55.32
2007-06-14,55.60
2007-06-15,55.99
2007-06-18,55.92
2007-06-19,56.02
2007-06-20,55.28
2007-06-21,55.62
2007-06-22,54.97
2007-06-25,54.74
2007-06-26,54.55
2007-06-27,55.09
2007-06-28,55.09
2007-06-29,55.00
2007-07-02,55.61
2007-07-03,55.82
2007-07-04,.
2007-07-05,55.87
2007-07-06,56.09
2007-07-09,56.14
2007-07-10,55.35
2007-07-11,55.64
2007-07-12,56.64
2007-07-13,56.82
2007-07-16,56.65
2007-07-17,56.65
2007-07-18,56.53
2007-07-19,56.80
2007-07-20,56.12
2007-07-23,56.32
2007-07-24,55.17
2007-07-25,55.35
2007-07-26,54.07
2007-07-27,53.24
2007-07-30,53.76
2007-07-31,53.13
2007-08-01,53.42
2007-08-02,53.70
2007-08-03,52.26
2007-08-06,53.34
2007-08-07,53.71
2007-08-08,54.52
2007-08-09,53.04
2007-08-10,53.06
2007-08-13,53.03
2007-08-14,52.06
2007-08-15,51.30
2007-08-16,51.47
2007-08-17,52.71
2007-08-20,52.76
2007-08-21,52.84
2007-08-22,53.49
2007-08-23,53.39
2007-08-24,54.02
2007-08-27,53.55
2007-08-28,52.30
2007-08-29,53.45
2007-08-30,53.25
2007-08-31,53.87
2007-09-03,.
2007-09-04,54.45
2007-09-05,53.88
2007-09-06,54.10
2007-09-07,53.19
2007-09-10,53.05
2007-09-11,53.77
2007-09-12,53.76
2007-09-13,54.16
2007-09-14,54.22
2007-09-17,53.91
2007-09-18,55.48
2007-09-19,55.84
2007-09-20,55.49
2007-09-21,55.73
2007-09-24,55.43
2007-09-25,55.40
2007-09-26,55.72
2007-09-27,55.99
2007-09-28,55.81
2007-10-01,56.58
2007-10-02,56.63
2007-10-03,56.37
2007-10-04,56.49
2007-10-05,57.12
2007-10-08,56.94
2007-10-09,57.39
2007-10-10,57.34
2007-10-11,57.01
2007-10-12,57.30
2007-10-15,56.81
2007-10-16,56.43
2007-10-17,56.54
2007-10-18,56.51
2007-10-19,55.07
2007-10-22,55.33
2007-10-23,55.82
2007-10-24,55.66
2007-10-25,55.56
2007-10-26,56.32
2007-10-29,56.54
2007-10-30,56.17
2007-10-31,56.87
2007-11-01,55.38
2007-11-02,55.43
2007-11-05,55.10
2007-11-06,55.76
2007-11-07,54.22
2007-11-08,54.22
2007-11-09,53.46
2007-11-12,52.88
2007-11-13,54.37
2007-11-14,54.02
2007-11-15,53.34
2007-11-16,53.57
2007-11-19,52.61
2007-11-20,52.78
2007-11-21,51.99
2007-11-22,.
2007-11-23,52.84
2007-11-26,51.70
2007-11-27,52.40
2007-11-28,53.91
2007-11-29,53.94
2007-11-30,54.34
2007-12-03,54.03
2007-12-04,53.68
2007-12-05,54.50
2007-12-06,55.38
2007-12-07,55.33
2007-12-10,55.74
2007-12-11,54.32
2007-12-12,54.60
2007-12-13,54.64
2007-12-14,53.88
2007-12-17,53.02
2007-12-18,53.38
2007-12-19,53.34
2007-12-20,53.68
2007-12-21,54.59
2007-12-24,55.05
2007-12-25,.
2007-12-26,55.11
2007-12-27,54.29
2007-12-28,54.35
2007-12-31,54.01
2008-01-01,.
2008-01-02,53.26
2008-01-03,53.18
2008-01-04,51.82
2008-01-07,51.93
2008-01-08,50.97
2008-01-09,51.56
2008-01-10,52.00
2008-01-11,51.27
2008-01-14,51.80
2008-01-15,50.54
2008-01-16,50.29
2008-01-17,48.87
2008-01-18,48.57
2008-01-21,.
2008-01-22,48.11
2008-01-23,49.16
2008-01-24,49.65
2008-01-25,48.96
2008-01-28,49.83
2008-01-29,50.15
2008-01-30,49.86
2008-01-31,50.74
2008-02-01,51.46
2008-02-04,50.95
2008-02-05,49.40
2008-02-06,48.99
2008-02-07,49.40
2008-02-08,49.24
2008-02-11,49.52
2008-02-12,49.85
2008-02-13,50.58
2008-02-14,49.88
2008-02-15,49.88
2008-02-18,.
2008-02-19,49.86
2008-02-20,50.28
2008-02-21,49.63
2008-02-22,49.97
2008-02-25,50.71
2008-02-26,51.07
2008-02-27,51.00
2008-02-28,50.54
2008-02-29,49.21
2008-03-03,49.21
2008-03-04,49.02
2008-03-05,49.31
2008-03-06,48.18
2008-03-07,47.77
2008-03-10,46.95
2008-03-11,48.66
2008-03-12,48.26
2008-03-13,48.58
2008-03-14,47.58
2008-03-17,47.02
2008-03-18,48.97
2008-03-19,47.80
2008-03-20,48.89
2008-03-21,.
2008-03-24,49.73
2008-03-25,49.91
2008-03-26,49.52
2008-03-27,48.97
2008-03-28,48.58
2008-03-31,48.87
2008-04-01,50.54
2008-04-02,50.50
2008-04-03,50.60
2008-04-04,50.67
2008-04-07,50.75
2008-04-08,50.55
2008-04-09,50.07
2008-04-10,50.35
2008-04-11,49.33
2008-04-14,49.17
2008-04-15,49.40
2008-04-16,50.56
2008-04-17,50.54
2008-04-18,51.41
2008-04-21,51.34
2008-04-22,50.84
2008-04-23,50.99
2008-04-24,51.33
2008-04-25,51.69
2008-04-28,51.68
2008-04-29,51.46
2008-04-30,51.30
2008-05-01,52.15
2008-05-02,52.28
2008-05-05,52.09
2008-05-06,52.50
2008-05-07,51.62
2008-05-08,51.83
2008-05-09,51.55
2008-05-12,52.11
2008-05-13,52.17
2008-05-14,52.35
2008-05-15,52.91
2008-05-16,53.00
2008-05-19,53.01
2008-05-20,52.59
2008-05-21,51.77
2008-05-22,51.93
2008-05-23,51.29
2008-05-26,.
2008-05-27,51.67
2008-05-28,51.92
2008-05-29,52.23
2008-05-30,52.37
2008-06-02,51.87
2008-06-03,51.63
2008-06-04,51.65
2008-06-05,52.68
2008-06-06,51.14
2008-06-09,51.12
2008-06-10,50.95
2008-06-11,50.11
2008-06-12,50.25
2008-06-13,51.02
2008-06-16,51.12
2008-06-17,50.83
2008-06-18,50.35
2008-06-19,50.55
2008-06-20,49.65
2008-06-23,49.60
2008-06-24,49.35
2008-06-25,49.67
2008-06-26,48.28
2008-06-27,48.12
2008-06-30,48.11
2008-07-01,48.26
2008-07-02,47.29
2008-07-03,47.21
2008-07-04,.
2008-07-07,46.80
2008-07-08,47.66
2008-07-09,46.63
2008-07-10,46.97
2008-07-11,46.55
2008-07-14,46.13
2008-07-15,45.65
2008-07-16,46.79
2008-07-17,47.33
2008-07-18,47.32
2008-07-21,47.40
2008-07-22,48.04
2008-07-23,48.19
2008-07-24,47.04
2008-07-25,47.28
2008-07-28,46.45
2008-07-29,47.52
2008-07-30,48.27
2008-07-31,47.70
2008-08-01,47.48
2008-08-04,46.93
2008-08-05,48.18
2008-08-06,48.42
2008-08-07,47.60
2008-08-08,48.68
2008-08-11,49.09
2008-08-12,48.55
2008-08-13,48.50
2008-08-14,48.79
2008-08-15,48.96
2008-08-18,48.24
2008-08-19,47.78
2008-08-20,48.06
2008-08-21,48.13
2008-08-22,48.68
2008-08-25,47.73
2008-08-26,47.91
2008-08-27,48.34
2008-08-28,49.07
2008-08-29,48.44
2008-09-01,.
2008-09-02,48.21
2008-09-03,48.10
2008-09-04,46.71
2008-09-05,46.89
2008-09-08,47.75
2008-09-09,46.09
2008-09-10,46.44
2008-09-11,47.00
2008-09-12,47.18
2008-09-15,45.00
2008-09-16,45.81
2008-09-17,43.70
2008-09-18,45.65
2008-09-19,47.60
2008-09-22,45.69
2008-09-23,44.99
2008-09-24,44.84
2008-09-25,45.63
2008-09-26,45.69
2008-09-29,41.86
2008-09-30,43.94
2008-10-01,43.72
2008-10-02,41.84
2008-10-03,41.20
2008-10-06,39.53
2008-10-07,37.26
2008-10-08,36.81
2008-10-09,34.05
2008-10-10,33.80
2008-10-13,37.64
2008-10-14,37.32
2008-10-15,33.95
2008-10-16,35.39
2008-10-17,35.24
2008-10-20,36.88
2008-10-21,35.77
2008-10-22,33.64
2008-10-23,33.80
2008-10-24,32.66
2008-10-27,31.54
2008-10-28,34.70
2008-10-29,34.56
2008-10-30,35.56
2008-10-31,36.22
2008-11-03,36.15
2008-11-04,37.49
2008-11-05,35.55
2008-11-06,33.82
2008-11-07,34.76
2008-11-10,34.25
2008-11-11,33.47
2008-11-12,31.72
2008-11-13,33.92
2008-11-14,32.44
2008-11-17,31.65
2008-11-18,31.88
2008-11-19,29.84
2008-11-20,27.79
2008-11-21,29.51
2008-11-24,31.45
2008-11-25,31.73
2008-11-26,32.98
2008-11-27,.
2008-11-28,33.32
2008-12-01,30.26
2008-12-02,31.51
2008-12-03,32.32
2008-12-04,31.35
2008-12-05,32.53
2008-12-08,33.81
2008-12-09,33.04
2008-12-10,33.50
2008-12-11,32.45
2008-12-12,32.80
2008-12-15,32.30
2008-12-16,34.01
2008-12-17,33.79
2008-12-18,33.10
2008-12-19,33.23
2008-12-22,32.60
2008-12-23,32.31
2008-12-24,32.47
2008-12-25,.
2008-12-26,32.69
2008-12-29,32.49
2008-12-30,33.32
2008-12-31,33.90
2009-01-01,.
2009-01-02,34.93
2009-01-05,34.84
2009-01-06,35.18
2009-01-07,34.13
2009-01-08,34.30
2009-01-09,33.52
2009-01-12,32.72
2009-01-13,32.84
2009-01-14,31.71
2009-01-15,31.84
2009-01-16,32.10
2009-01-19,.
2009-01-20,30.35
2009-01-21,31.67
2009-01-22,31.14
2009-01-23,31.31
2009-01-26,31.49
2009-01-27,31.84
2009-01-28,32.93
2009-01-29,31.83
2009-01-30,31.13
2009-02-02,31.16
2009-02-03,31.60
2009-02-04,31.41
2009-02-05,31.91
2009-02-06,32.82
2009-02-09,32.84
2009-02-10,31.29
2009-02-11,31.53
2009-02-12,31.61
2009-02-13,31.33
2009-02-16,.
2009-02-17,29.92
2009-02-18,29.82
2009-02-19,29.46
2009-02-20,29.13
2009-02-23,28.10
2009-02-24,29.25
2009-02-25,28.92
2009-02-26,28.47
2009-02-27,27.89
2009-03-02,26.54
2009-03-03,26.35
2009-03-04,27.01
2009-03-05,25.83
2009-03-06,25.87
2009-03-09,25.60
2009-03-10,27.26
2009-03-11,27.33
2009-03-12,28.49
2009-03-13,28.69
2009-03-16,28.53
2009-03-17,29.46
2009-03-18,30.11
2009-03-19,29.77
2009-03-20,29.15
2009-03-23,31.22
2009-03-24,30.54
2009-03-25,30.86
2009-03-26,31.68
2009-03-27,30.98
2009-03-30,29.91
2009-03-31,30.32
2009-04-01,30.81
2009-04-02,31.77
2009-04-03,32.12
2009-04-06,31.82
2009-04-07,31.03
2009-04-08,31.44
2009-04-09,32.71
2009-04-10,.
2009-04-13,32.78
2009-04-14,32.10
2009-04-15,32.50
2009-04-16,33.06
2009-04-17,33.25
2009-04-20,31.78
2009-04-21,32.50
2009-04-22,32.30
2009-04-23,32.54
2009-04-24,33.14
2009-04-27,32.79
2009-04-28,32.74
2009-04-29,33.53
2009-04-30,33.51
2009-05-01,33.66
2009-05-04,34.83
2009-05-05,34.70
2009-05-06,35.23
2009-05-07,34.71
2009-05-08,35.60
2009-05-11,34.86
2009-05-12,34.75
2009-05-13,33.74
2009-05-14,34.12
2009-05-15,33.76
2009-05-18,34.84
2009-05-19,34.80
2009-05-20,34.64
2009-05-21,34.06
2009-05-22,33.99
2009-05-25,.
2009-05-26,34.95
2009-05-27,34.31
2009-05-28,34.79
2009-05-29,35.28
2009-06-01,36.25
2009-06-02,36.35
2009-06-03,35.84
2009-06-04,36.28
2009-06-05,36.20
2009-06-08,36.12
2009-06-09,36.29
2009-06-10,36.15
2009-06-11,36.39
2009-06-12,36.42
2009-06-15,35.55
2009-06-16,35.07
2009-06-17,35.02
2009-06-18,35.29
2009-06-19,35.41
2009-06-22,34.30
2009-06-23,34.34
2009-06-24,34.61
2009-06-25,35.35
2009-06-26,35.37
2009-06-29,35.66
2009-06-30,35.41
2009-07-01,35.60
2009-07-02,34.57
2009-07-03,.
2009-07-06,34.58
2009-07-07,33.90
2009-07-08,33.83
2009-07-09,33.95
2009-07-10,33.83
2009-07-13,34.67
2009-07-14,34.87
2009-07-15,35.92
2009-07-16,36.25
2009-07-17,36.22
2009-07-20,36.65
2009-07-21,36.77
2009-07-22,36.79
2009-07-23,37.67
2009-07-24,37.80
2009-07-27,37.93
2009-07-28,37.84
2009-07-29,37.65
2009-07-30,38.12
2009-07-31,38.14
2009-08-03,38.77
2009-08-04,38.91
2009-08-05,38.82
2009-08-06,38.57
2009-08-07,39.14
2009-08-10,39.01
2009-08-11,38.50
2009-08-12,38.97
2009-08-13,39.23
2009-08-14,38.86
2009-08-17,37.90
2009-08-18,38.32
2009-08-19,38.58
2009-08-20,39.00
2009-08-21,39.73
2009-08-24,39.70
2009-08-25,39.80
2009-08-26,39.80
2009-08-27,39.91
2009-08-28,39.85
2009-08-31,39.51
2009-09-01,38.62
2009-09-02,38.49
2009-09-03,38.84
2009-09-04,39.35
2009-09-07,.
2009-09-08,39.73
2009-09-09,40.08
2009-09-10,40.51
2009-09-11,40.47
2009-09-14,40.75
2009-09-15,40.92
2009-09-16,41.58
2009-09-17,41.45
2009-09-18,41.55
2009-09-21,41.42
2009-09-22,41.72
2009-09-23,41.28
2009-09-24,40.83
2009-09-25,40.58
2009-09-28,41.34
2009-09-29,41.27
2009-09-30,41.11
2009-10-01,40.02
2009-10-02,39.83
2009-10-05,40.44
2009-10-06,41.00
2009-10-07,41.12
2009-10-08,41.46
2009-10-09,41.71
2009-10-12,41.87
2009-10-13,41.76
2009-10-14,42.49
2009-10-15,42.65
2009-10-16,42.28
2009-10-19,42.68
2009-10-20,42.38
2009-10-21,41.99
2009-10-22,42.44
2009-10-23,41.92
2009-10-26,41.43
2009-10-27,41.24
2009-10-28,40.35
2009-10-29,41.26
2009-10-30,40.10
2009-11-02,40.32
2009-11-03,40.50
2009-11-04,40.51
2009-11-05,41.33
2009-11-06,41.41
2009-11-09,42.32
2009-11-10,42.30
2009-11-11,42.53
2009-11-12,42.06
2009-11-13,42.32
2009-11-16,42.98
2009-11-17,43.02
2009-11-18,42.99
2009-11-19,42.37
2009-11-20,42.24
2009-11-23,42.80
2009-11-24,42.76
2009-11-25,42.95
2009-11-26,.
2009-11-27,42.19
2009-11-30,42.35
2009-12-01,42.89
2009-12-02,42.96
2009-12-03,42.59
2009-12-04,42.89
2009-12-07,42.79
2009-12-08,42.38
2009-12-09,42.52
2009-12-10,42.74
2009-12-11,42.92
2009-12-14,43.27
2009-12-15,43.05
2009-12-16,43.14
2009-12-17,42.64
2009-12-18,42.92
2009-12-21,43.37
2009-12-22,43.56
2009-12-23,43.71
2009-12-24,43.95
2009-12-25,.
2009-12-28,43.99
2009-12-29,43.93
2009-12-30,43.93
2009-12-31,43.49
2010-01-01,.
2010-01-04,44.22
2010-01-05,44.35
2010-01-06,44.40
2010-01-07,44.59
2010-01-08,44.73
2010-01-11,44.78
2010-01-12,44.33
2010-01-13,44.72
2010-01-14,44.83
2010-01-15,44.34
2010-01-18,.
2010-01-19,44.90
2010-01-20,44.46
2010-01-21,43.67
2010-01-22,42.72
2010-01-25,42.89
2010-01-26,42.69
2010-01-27,42.93
2010-01-28,42.42
2010-01-29,42.00
2010-02-01,42.59
2010-02-02,43.12
2010-02-03,42.89
2010-02-04,41.54
2010-02-05,41.67
2010-02-08,41.32
2010-02-09,41.85
2010-02-10,41.79
2010-02-11,42.24
2010-02-12,42.22
2010-02-15,.
2010-02-16,42.98
2010-02-17,43.18
2010-02-18,43.47
2010-02-19,43.58
2010-02-22,43.54
2010-02-23,43.01
2010-02-24,43.42
2010-02-25,43.36
2010-02-26,43.41
2010-03-01,43.91
2010-03-02,44.05
2010-03-03,44.08
2010-03-04,44.24
2010-03-05,44.88
2010-03-08,44.90
2010-03-09,44.98
2010-03-10,45.21
2010-03-11,45.40
2010-03-12,45.41
2010-03-15,45.40
2010-03-16,45.76
2010-03-17,46.04
2010-03-18,45.99
2010-03-19,45.72
2010-03-22,46.00
2010-03-23,46.36
2010-03-24,46.09
2010-03-25,45.97
2010-03-26,45.99
2010-03-29,46.27
2010-03-30,46.28
2010-03-31,46.12
2010-04-01,46.47
2010-04-02,.
2010-04-05,46.91
2010-04-06,47.02
2010-04-07,46.77
2010-04-08,46.91
2010-04-09,47.23
2010-04-12,47.32
2010-04-13,47.37
2010-04-14,47.95
2010-04-15,47.98
2010-04-16,47.23
2010-04-19,47.37
2010-04-20,47.80
2010-04-21,47.79
2010-04-22,47.95
2010-04-23,48.32
2010-04-26,48.13
2010-04-27,46.99
2010-04-28,47.27
2010-04-29,47.93
2010-04-30,47.09
2010-05-03,47.74
2010-05-04,46.56
2010-05-05,46.21
2010-05-06,44.69
2010-05-07,43.93
2010-05-10,45.92
2010-05-11,45.83
2010-05-12,46.56
2010-05-13,46.03
2010-05-14,45.14
2010-05-17,45.19
2010-05-18,44.54
2010-05-19,44.27
2010-05-20,42.49
2010-05-21,43.13
2010-05-24,42.59
2010-05-25,42.59
2010-05-26,42.42
2010-05-27,43.89
2010-05-28,43.36
2010-05-31,.
2010-06-01,42.54
2010-06-02,43.66
2010-06-03,43.88
2010-06-04,42.30
2010-06-07,41.67
2010-06-08,42.07
2010-06-09,41.87
2010-06-10,43.12
2010-06-11,43.39
2010-06-14,43.35
2010-06-15,44.38
2010-06-16,44.33
2010-06-17,44.37
2010-06-18,44.42
2010-06-21,44.22
2010-06-22,43.48
2010-06-23,43.35
2010-06-24,42.63
2010-06-25,42.83
2010-06-28,42.73
2010-06-29,41.36
2010-06-30,40.96
2010-07-01,40.80
2010-07-02,40.59
2010-07-05,.
2010-07-06,40.71
2010-07-07,42.03
2010-07-08,42.45
2010-07-09,42.79
2010-07-12,42.76
2010-07-13,43.49
2010-07-14,43.47
2010-07-15,43.48
2010-07-16,42.20
2010-07-19,42.45
2010-07-20,42.97
2010-07-21,42.40
2010-07-22,43.41
2010-07-23,43.84
2010-07-26,44.39
2010-07-27,44.30
2010-07-28,43.96
2010-07-29,43.79
2010-07-30,43.81
2010-08-02,44.76
2010-08-03,44.52
2010-08-04,44.83
2010-08-05,44.73
2010-08-06,44.57
2010-08-09,44.85
2010-08-10,44.50
2010-08-11,43.22
2010-08-12,43.00
2010-08-13,42.81
2010-08-16,42.85
2010-08-17,43.41
2010-08-18,43.49
2010-08-19,42.73
2010-08-20,42.60
2010-08-23,42.38
2010-08-24,41.77
2010-08-25,41.97
2010-08-26,41.64
2010-08-27,42.40
2010-08-30,41.75
2010-08-31,41.78
2010-09-01,43.04
2010-09-02,43.46
2010-09-03,44.04
2010-09-06,.
2010-09-07,43.50
2010-09-08,43.79
2010-09-09,43.97
2010-09-10,44.17
2010-09-13,44.75
2010-09-14,44.71
2010-09-15,44.87
2010-09-16,44.84
2010-09-17,44.89
2010-09-20,45.62
2010-09-21,45.47
2010-09-22,45.23
2010-09-23,44.85
2010-09-24,45.85
2010-09-27,45.61
2010-09-28,45.87
2010-09-29,45.79
2010-09-30,45.67
2010-10-01,45.87
2010-10-04,45.48
2010-10-05,46.45
2010-10-06,46.40
2010-10-07,46.33
2010-10-08,46.65
2010-10-11,46.66
2010-10-12,46.85
2010-10-13,47.21
2010-10-14,47.04
2010-10-15,47.12
2010-10-18,47.45
2010-10-19,46.67
2010-10-20,47.18
2010-10-21,47.23
2010-10-22,47.38
2010-10-25,47.50
2010-10-26,47.51
2010-10-27,47.40
2010-10-28,47.42
2010-10-29,47.44
2010-11-01,47.47
2010-11-02,47.88
2010-11-03,48.06
2010-11-04,49.01
2010-11-05,49.22
2010-11-08,49.14
2010-11-09,48.73
2010-11-10,49.00
2010-11-11,48.81
2010-11-12,48.20
2010-11-15,48.16
2010-11-16,47.36
2010-11-17,47.41
2010-11-18,48.15
2010-11-19,48.29
2010-11-22,48.27
2010-11-23,47.61
2010-11-24,48.37
2010-11-25,.
2010-11-26,48.04
2010-11-29,47.98
2010-11-30,47.69
2010-12-01,48.71
2010-12-02,49.32
2010-12-03,49.49
2010-12-06,49.46
2010-12-07,49.49
2010-12-08,49.64
2010-12-09,49.85
2010-12-10,50.18
2010-12-13,50.16
2010-12-14,50.19
2010-12-15,49.93
2010-12-16,50.27
2010-12-17,50.34
2010-12-20,50.48
2010-12-21,50.83
2010-12-22,51.00
2010-12-23,50.91
2010-12-24,.
2010-12-27,50.97
2010-12-28,50.98
2010-12-29,51.07
2010-12-30,51.01
2010-12-31,50.96
2011-01-03,51.57
2011-01-04,51.42
2011-01-05,51.72
2011-01-06,51.62
2011-01-07,51.52
2011-01-10,51.50
2011-01-11,51.70
2011-01-12,52.16
2011-01-13,52.08
2011-01-14,52.46
2011-01-17,.
2011-01-18,52.54
2011-01-19,51.91
2011-01-20,51.77
2011-01-21,51.84
2011-01-24,52.16
2011-01-25,52.18
2011-01-26,52.49
2011-01-27,52.62
2011-01-28,51.66
2011-01-31,52.05
2011-02-01,52.94
2011-02-02,52.80
2011-02-03,52.94
2011-02-04,53.08
2011-02-07,53.45
2011-02-08,53.69
2011-02-09,53.53
2011-02-10,53.60
2011-02-11,53.94
2011-02-14,54.12
2011-02-15,53.92
2011-02-16,54.28
2011-02-17,54.47
2011-02-18,54.54
2011-02-21,.
2011-02-22,53.38
2011-02-23,52.99
2011-02-24,52.98
2011-02-25,53.64
2011-02-28,53.91
2011-03-01,53.05
2011-03-02,53.16
2011-03-03,54.10
2011-03-04,53.72
2011-03-07,53.22
2011-03-08,53.73
2011-03-09,53.64
2011-03-10,52.60
2011-03-11,52.97
2011-03-14,52.65
2011-03-15,52.10
2011-03-16,51.16
2011-03-17,51.77
2011-03-18,52.03
2011-03-21,52.85
2011-03-22,52.65
2011-03-23,52.79
2011-03-24,53.28
2011-03-25,53.49
2011-03-28,53.33
2011-03-29,53.73
2011-03-30,54.16
2011-03-31,54.11
2011-04-01,54.38
2011-04-04,54.42
2011-04-05,54.45
2011-04-06,54.57
2011-04-07,54.45
2011-04-08,54.20
2011-04-11,53.99
2011-04-12,53.53
2011-04-13,53.57
2011-04-14,53.59
2011-04-15,53.84
2011-04-18,53.22
2011-04-19,53.51
2011-04-20,54.27
2011-04-21,54.58
2011-04-22,.
2011-04-25,54.50
2011-04-26,54.99
2011-04-27,55.35
2011-04-28,55.54
2011-04-29,55.68
2011-05-02,55.52
2011-05-03,55.25
2011-05-04,54.85
2011-05-05,54.40
2011-05-06,54.61
2011-05-09,54.92
2011-05-10,55.40
2011-05-11,54.79
2011-05-12,55.07
2011-05-13,54.59
2011-05-16,54.20
2011-05-17,54.15
2011-05-18,54.69
2011-05-19,54.81
2011-05-20,54.40
2011-05-23,53.72
2011-05-24,53.66
2011-05-25,53.90
2011-05-26,54.19
2011-05-27,54.45
2011-05-30,.
2011-05-31,55.03
2011-06-01,53.75
2011-06-02,53.69
2011-06-03,53.14
2011-06-06,52.52
2011-06-07,52.51
2011-06-08,52.24
2011-06-09,52.61
2011-06-10,51.87
2011-06-13,51.88
2011-06-14,52.58
2011-06-15,51.68
2011-06-16,51.76
2011-06-17,51.90
2011-06-20,52.20
2011-06-21,52.97
2011-06-22,52.64
2011-06-23,52.53
2011-06-24,51.95
2011-06-27,52.40
2011-06-28,53.11
2011-06-29,53.54
2011-06-30,54.06
2011-07-01,54.85
2011-07-04,.
2011-07-05,54.82
2011-07-06,54.92
2011-07-07,55.52
2011-07-08,55.15
2011-07-11,54.11
2011-07-12,53.88
2011-07-13,54.08
2011-07-14,53.65
2011-07-15,53.98
2011-07-18,53.49
2011-07-19,54.40
2011-07-20,54.36
2011-07-21,55.07
2011-07-22,55.15
2011-07-25,54.79
2011-07-26,54.54
2011-07-27,53.36
2011-07-28,53.20
2011-07-29,52.89
2011-08-01,52.67
2011-08-02,51.28
2011-08-03,51.56
2011-08-04,48.97
2011-08-05,48.80
2011-08-08,45.39
2011-08-09,47.69
2011-08-10,45.64
2011-08-11,47.80
2011-08-12,48.04
2011-08-15,49.15
2011-08-16,48.62
2011-08-17,48.64
2011-08-18,46.39
2011-08-19,45.68
2011-08-22,45.67
2011-08-23,47.29
2011-08-24,47.91
2011-08-25,47.10
2011-08-26,47.90
2011-08-29,49.38
2011-08-30,49.52
2011-08-31,49.74
2011-09-01,49.09
2011-09-02,47.80
2011-09-05,.
2011-09-06,47.46
2011-09-07,48.91
2011-09-08,48.35
2011-09-09,47.06
2011-09-12,47.38
2011-09-13,47.88
2011-09-14,48.56
2011-09-15,49.37
2011-09-16,49.59
2011-09-19,49.08
2011-09-20,48.89
2011-09-21,47.42
2011-09-22,45.88
2011-09-23,46.20
2011-09-26,47.24
2011-09-27,47.81
2011-09-28,46.72
2011-09-29,47.11
2011-09-30,45.93
2011-10-03,44.47
2011-10-04,45.65
2011-10-05,46.49
2011-10-06,47.39
2011-10-07,46.91
2011-10-10,48.54
2011-10-11,48.58
2011-10-12,49.10
2011-10-13,48.98
2011-10-14,49.84
2011-10-17,48.82
2011-10-18,49.86
2011-10-19,49.19
2011-10-20,49.41
2011-10-21,50.35
2011-10-24,51.15
2011-10-25,50.07
2011-10-26,50.64
2011-10-27,52.45
2011-10-28,52.45
2011-10-31,51.16
2011-11-01,49.68
2011-11-02,50.53
2011-11-03,51.52
2011-11-04,51.23
2011-11-07,51.49
2011-11-08,52.11
2011-11-09,50.15
2011-11-10,50.57
2011-11-11,51.57
2011-11-14,51.07
2011-11-15,51.37
2011-11-16,50.54
2011-11-17,49.70
2011-11-18,49.68
2011-11-21,48.74
2011-11-22,48.53
2011-11-23,47.41
2011-11-24,.
2011-11-25,47.27
2011-11-28,48.72
2011-11-29,48.82
2011-11-30,50.99
2011-12-01,50.86
2011-12-02,50.89
2011-12-05,51.45
2011-12-06,51.48
2011-12-07,51.57
2011-12-08,50.42
2011-12-09,51.34
2011-12-12,50.56
2011-12-13,50.05
2011-12-14,49.47
2011-12-15,49.67
2011-12-16,49.89
2011-12-19,49.26
2011-12-20,50.78
2011-12-21,50.90
2011-12-22,51.34
2011-12-23,51.77
2011-12-26,.
2011-12-27,51.79
2011-12-28,51.10
2011-12-29,51.66
2011-12-30,51.46
2012-01-02,.
2012-01-03,52.23
2012-01-04,52.22
2012-01-05,52.42
2012-01-06,52.32
2012-01-09,52.46
2012-01-10,52.95
2012-01-11,53.01
2012-01-12,53.14
2012-01-13,52.87
2012-01-16,.
2012-01-17,53.04
2012-01-18,53.68
2012-01-19,53.95
2012-01-20,53.99
2012-01-23,54.01
2012-01-24,54.01
2012-01-25,54.51
2012-01-26,54.20
2012-01-27,54.19
2012-01-30,54.02
2012-01-31,53.99
2012-02-01,54.57
2012-02-02,54.65
2012-02-03,55.51
2012-02-06,55.48
2012-02-07,55.58
2012-02-08,55.71
2012-02-09,55.78
2012-02-10,55.35
2012-02-13,55.77
2012-02-14,55.71
2012-02-15,55.43
2012-02-16,56.11
2012-02-17,56.20
2012-02-20,.
2012-02-21,56.18
2012-02-22,55.97
2012-02-23,56.29
2012-02-24,56.37
2012-02-27,56.44
2012-02-28,56.58
2012-02-29,56.28
2012-03-01,56.64
2012-03-02,56.40
2012-03-05,56.19
2012-03-06,55.29
2012-03-07,55.72
2012-03-08,56.29
2012-03-09,56.55
2012-03-12,56.53
2012-03-13,57.58
2012-03-14,57.45
2012-03-15,57.82
2012-03-16,57.87
2012-03-19,58.12
2012-03-20,57.90
2012-03-21,57.81
2012-03-22,57.37
2012-03-23,57.59
2012-03-26,58.40
2012-03-27,58.22
2012-03-28,57.94
2012-03-29,57.84
2012-03-30,58.02
2012-04-02,58.47
2012-04-03,58.27
2012-04-04,57.62
2012-04-05,57.59
2012-04-06,.
2012-04-09,56.91
2012-04-10,55.87
2012-04-11,56.34
2012-04-12,57.15
2012-04-13,56.43
2012-04-16,56.41
2012-04-17,57.27
2012-04-18,57.03
2012-04-19,56.71
2012-04-20,56.80
2012-04-23,56.29
2012-04-24,56.49
2012-04-25,57.30
2012-04-26,57.69
2012-04-27,57.87
2012-04-30,57.61
2012-05-01,57.90
2012-05-02,57.80
2012-05-03,57.30
2012-05-04,56.38
2012-05-07,56.42
2012-05-08,56.21
2012-05-09,55.86
2012-05-10,56.01
2012-05-11,55.85
2012-05-14,55.21
2012-05-15,54.91
2012-05-16,54.67
2012-05-17,53.77
2012-05-18,53.33
2012-05-21,54.24
2012-05-22,54.25
2012-05-23,54.37
2012-05-24,54.46
2012-05-25,54.36
2012-05-28,.
2012-05-29,55.00
2012-05-30,54.18
2012-05-31,54.07
2012-06-01,52.69
2012-06-04,52.65
2012-06-05,53.02
2012-06-06,54.25
2012-06-07,54.19
2012-06-08,54.65
2012-06-11,53.89
2012-06-12,54.51
2012-06-13,54.11
2012-06-14,54.69
2012-06-15,55.25
2012-06-18,55.36
2012-06-19,55.95
2012-06-20,55.86
2012-06-21,54.61
2012-06-22,55.01
2012-06-25,54.12
2012-06-26,54.39
2012-06-27,54.91
2012-06-28,54.82
2012-06-29,56.20
2012-07-02,56.40
2012-07-03,56.81
2012-07-04,.
2012-07-05,56.59
2012-07-06,56.05
2012-07-09,55.95
2012-07-10,55.47
2012-07-11,55.44
2012-07-12,55.19
2012-07-13,56.08
2012-07-16,55.93
2012-07-17,56.32
2012-07-18,56.70
2012-07-19,56.82
2012-07-20,56.24
2012-07-23,55.71
2012-07-24,55.17
2012-07-25,55.17
2012-07-26,56.03
2012-07-27,57.11
2012-07-30,57.05
2012-07-31,56.79
2012-08-01,56.55
2012-08-02,56.15
2012-08-03,57.24
2012-08-06,57.40
2012-08-07,57.72
2012-08-08,57.76
2012-08-09,57.83
2012-08-10,57.94
2012-08-13,57.87
2012-08-14,57.85
2012-08-15,57.99
2012-08-16,58.43
2012-08-17,58.57
2012-08-20,58.55
2012-08-21,58.37
2012-08-22,58.37
2012-08-23,57.92
2012-08-24,58.27
2012-08-27,58.24
2012-08-28,58.24
2012-08-29,58.32
2012-08-30,57.86
2012-08-31,58.16
2012-09-03,.
2012-09-04,58.19
2012-09-05,58.15
2012-09-06,59.34
2012-09-07,59.60
2012-09-10,59.26
2012-09-11,59.44
2012-09-12,59.60
2012-09-13,60.53
2012-09-14,60.83
2012-09-17,60.59
2012-09-18,60.49
2012-09-19,60.57
2012-09-20,60.48
2012-09-21,60.50
2012-09-24,60.34
2012-09-25,59.68
2012-09-26,59.35
2012-09-27,59.94
2012-09-28,59.66
2012-10-01,59.80
2012-10-02,59.86
2012-10-03,60.07
2012-10-04,60.50
2012-10-05,60.50
2012-10-08,60.28
2012-10-09,59.68
2012-10-10,59.34
2012-10-11,59.40
2012-10-12,59.19
2012-10-15,59.65
2012-10-16,60.24
2012-10-17,60.53
2012-10-18,60.38
2012-10-19,59.39
2012-10-22,59.39
2012-10-23,58.61
2012-10-24,58.44
2012-10-25,58.61
2012-10-26,58.54
2012-10-29,.
2012-10-30,.
2012-10-31,58.62
2012-11-01,59.30
2012-11-02,58.72
2012-11-05,58.87
2012-11-06,59.33
2012-11-07,57.98
2012-11-08,57.27
2012-11-09,57.36
2012-11-12,57.35
2012-11-13,57.13
2012-11-14,56.32
2012-11-15,56.21
2012-11-16,56.51
2012-11-19,57.63
2012-11-20,57.69
2012-11-21,57.85
2012-11-22,.
2012-11-23,58.59
2012-11-26,58.50
2012-11-27,58.23
2012-11-28,58.69
2012-11-29,58.99
2012-11-30,59.01
2012-12-03,58.75
2012-12-04,58.66
2012-12-05,58.75
2012-12-06,58.96
2012-12-07,59.12
2012-12-10,59.18
2012-12-11,59.58
2012-12-12,59.58
2012-12-13,59.23
2012-12-14,59.01
2012-12-17,59.69
2012-12-18,60.39
2012-12-19,60.02
2012-12-20,60.36
2012-12-21,59.82
2012-12-24,59.68
2012-12-25,.
2012-12-26,59.37
2012-12-27,59.32
2012-12-28,58.72
2012-12-31,59.72
2013-01-01,.
2013-01-02,61.24
2013-01-03,61.16
2013-01-04,61.48
2013-01-07,61.30
2013-01-08,61.14
2013-01-09,61.33
2013-01-10,61.74
2013-01-11,61.75
2013-01-14,61.71
2013-01-15,61.82
2013-01-16,61.80
2013-01-17,62.17
2013-01-18,62.37
2013-01-21,.
2013-01-22,62.68
2013-01-23,62.74
2013-01-24,62.77
2013-01-25,63.14
2013-01-28,63.04
2013-01-29,63.31
2013-01-30,63.04
2013-01-31,62.95
2013-02-01,63.58
2013-02-04,62.85
2013-02-05,63.50
2013-02-06,63.58
2013-02-07,63.48
2013-02-08,63.84
2013-02-11,63.80
2013-02-12,63.92
2013-02-13,64.00
2013-02-14,64.07
2013-02-15,64.00
2013-02-18,.
2013-02-19,64.48
2013-02-20,63.63
2013-02-21,63.21
2013-02-22,63.79
2013-02-25,62.62
2013-02-26,63.00
2013-02-27,63.80
2013-02-28,63.77
2013-03-01,63.90
2013-03-04,64.18
2013-03-05,64.81
2013-03-06,64.91
2013-03-07,65.07
2013-03-08,65.39
2013-03-11,65.59
2013-03-12,65.43
2013-03-13,65.56
2013-03-14,65.95
2013-03-15,65.86
2013-03-18,65.51
2013-03-19,65.35
2013-03-20,65.81
2013-03-21,65.27
2013-03-22,65.69
2013-03-25,65.49
2013-03-26,65.98
2013-03-27,65.97
2013-03-28,66.23
2013-03-29,.
2013-04-01,65.88
2013-04-02,66.11
2013-04-03,65.37
2013-04-04,65.67
2013-04-05,65.42
2013-04-08,65.87
2013-04-09,66.06
2013-04-10,66.90
2013-04-11,67.13
2013-04-12,66.94
2013-04-15,65.30
2013-04-16,66.25
2013-04-17,65.29
2013-04-18,64.86
2013-04-19,65.48
2013-04-22,65.77
2013-04-23,66.48
2013-04-24,66.53
2013-04-25,66.81
2013-04-26,66.69
2013-04-29,67.16
2013-04-30,67.39
2013-05-01,66.66
2013-05-02,67.31
2013-05-03,68.01
2013-05-06,68.17
2013-05-07,68.56
2013-05-08,68.87
2013-05-09,68.63
2013-05-10,68.97
2013-05-13,68.96
2013-05-14,69.68
2013-05-15,70.04
2013-05-16,69.70
2013-05-17,70.41
2013-05-20,70.39
2013-05-21,70.51
2013-05-22,69.84
2013-05-23,69.67
2013-05-24,69.62
2013-05-27,.
2013-05-28,70.10
2013-05-29,69.58
2013-05-30,69.88
2013-05-31,68.94
2013-06-03,69.30
2013-06-04,68.91
2013-06-05,67.97
2013-06-06,68.59
2013-06-07,69.43
2013-06-10,69.45
2013-06-11,68.73
2013-06-12,68.16
2013-06-13,69.20
2013-06-14,68.80
2013-06-17,69.30
2013-06-18,69.86
2013-06-19,68.90
2013-06-20,67.17
2013-06-21,67.31
2013-06-24,66.50
2013-06-25,67.16
2013-06-26,67.78
2013-06-27,68.31
2013-06-28,68.06
2013-07-01,68.51
2013-07-02,68.49
2013-07-03,68.54
2013-07-04,.
2013-07-05,69.25
2013-07-08,69.61
2013-07-09,70.14
2013-07-10,70.17
2013-07-11,71.12
2013-07-12,71.34
2013-07-15,71.48
2013-07-16,71.20
2013-07-17,71.42
2013-07-18,71.82
2013-07-19,71.90
2013-07-22,72.07
2013-07-23,71.96
2013-07-24,71.65
2013-07-25,71.92
2013-07-26,71.94
2013-07-29,71.67
2013-07-30,71.74
2013-07-31,71.76
2013-08-01,72.71
2013-08-02,72.80
2013-08-05,72.74
2013-08-06,72.27
2013-08-07,71.98
2013-08-08,72.29
2013-08-09,72.09
2013-08-12,72.06
2013-08-13,72.19
2013-08-14,71.85
2013-08-15,70.80
2013-08-16,70.57
2013-08-19,70.12
2013-08-20,70.50
2013-08-21,70.09
2013-08-22,70.73
2013-08-23,71.03
2013-08-26,70.79
2013-08-27,69.61
2013-08-28,69.81
2013-08-29,70.02
2013-08-30,69.69
2013-09-02,.
2013-09-03,69.97
2013-09-04,70.55
2013-09-05,70.65
2013-09-06,70.70
2013-09-09,71.47
2013-09-10,72.01
2013-09-11,72.21
2013-09-12,71.97
2013-09-13,72.18
2013-09-16,72.54
2013-09-17,72.90
2013-09-18,73.76
2013-09-19,73.65
2013-09-20,73.13
2013-09-23,72.82
2013-09-24,72.69
2013-09-25,72.54
2013-09-26,72.84
2013-09-27,72.56
2013-09-30,72.17
2013-10-01,72.82
2013-10-02,72.76
2013-10-03,72.10
2013-10-04,72.61
2013-10-07,71.98
2013-10-08,71.05
2013-10-09,71.03
2013-10-10,72.61
2013-10-11,73.11
2013-10-14,73.42
2013-10-15,72.89
2013-10-16,73.89
2013-10-17,74.42
2013-10-18,74.93
2013-10-21,74.92
2013-10-22,75.32
2013-10-23,74.97
2013-10-24,75.24
2013-10-25,75.53
2013-10-28,75.60
2013-10-29,75.99
2013-10-30,75.55
2013-10-31,75.28
2013-11-01,75.47
2013-11-04,75.80
2013-11-05,75.58
2013-11-06,75.84
2013-11-07,74.78
2013-11-08,75.80
2013-11-11,75.87
2013-11-12,75.72
2013-11-13,76.39
2013-11-14,76.73
2013-11-15,77.05
2013-11-18,76.69
2013-11-19,76.49
2013-11-20,76.23
2013-11-21,76.93
2013-11-22,77.29
2013-11-25,77.19
2013-11-26,77.28
2013-11-27,77.51
2013-11-28,.
2013-11-29,77.46
2013-12-02,77.22
2013-12-03,76.98
2013-12-04,76.92
2013-12-05,76.64
2013-12-06,77.44
2013-12-09,77.57
2013-12-10,77.30
2013-12-11,76.38
2013-12-12,76.18
2013-12-13,76.22
2013-12-16,76.72
2013-12-17,76.53
2013-12-18,77.73
2013-12-19,77.63
2013-12-20,78.11
2013-12-23,78.57
2013-12-24,78.83
2013-12-25,.
2013-12-26,79.16
2013-12-27,79.14
2013-12-30,79.14
2013-12-31,79.46
2014-01-01,.
2014-01-02,78.76
2014-01-03,78.79
2014-01-06,78.56
2014-01-07,79.07
2014-01-08,79.09
2014-01-09,79.12
2014-01-10,79.35
2014-01-13,78.37
2014-01-14,79.23
2014-01-15,79.65
2014-01-16,79.59
2014-01-17,79.28
2014-01-20,.
2014-01-21,79.53
2014-01-22,79.64
2014-01-23,78.97
2014-01-24,77.29
2014-01-27,76.82
2014-01-28,77.34
2014-01-29,76.55
2014-01-30,77.44
2014-01-31,76.96
2014-02-03,75.10
2014-02-04,75.69
2014-02-05,75.52
2014-02-06,76.48
2014-02-07,77.45
2014-02-10,77.59
2014-02-11,78.43
2014-02-12,78.50
2014-02-13,79.03
2014-02-14,79.38
2014-02-17,.
2014-02-18,79.57
2014-02-19,79.04
2014-02-20,79.57
2014-02-21,79.47
2014-02-24,79.97
2014-02-25,79.88
2014-02-26,79.95
2014-02-27,80.35
2014-02-28,80.52
2014-03-03,79.95
2014-03-04,81.24
2014-03-05,81.23
2014-03-06,81.38
2014-03-07,81.41
2014-03-10,81.33
2014-03-11,80.87
2014-03-12,80.96
2014-03-13,80.03
2014-03-14,79.90
2014-03-17,80.60
2014-03-18,81.23
2014-03-19,80.73
2014-03-20,81.17
2014-03-21,80.95
2014-03-24,80.49
2014-03-25,80.78
2014-03-26,80.10
2014-03-27,79.98
2014-03-28,80.33
2014-03-31,81.08
2014-04-01,81.73
2014-04-02,81.97
2014-04-03,81.78
2014-04-04,80.67
2014-04-07,79.74
2014-04-08,80.11
2014-04-09,81.01
2014-04-10,79.27
2014-04-11,78.47
2014-04-14,79.03
2014-04-15,79.53
2014-04-16,80.40
2014-04-17,80.55
2014-04-18,.
2014-04-21,80.85
2014-04-22,81.27
2014-04-23,81.05
2014-04-24,81.15
2014-04-25,80.39
2014-04-28,80.56
2014-04-29,80.94
2014-04-30,81.22
2014-05-01,81.25
2014-05-02,81.19
2014-05-05,81.31
2014-05-06,80.54
2014-05-07,80.98
2014-05-08,80.80
2014-05-09,80.97
2014-05-12,81.86
2014-05-13,81.83
2014-05-14,81.39
2014-05-15,80.67
2014-05-16,80.98
2014-05-19,81.35
2014-05-20,80.76
2014-05-21,81.38
2014-05-22,81.63
2014-05-23,82.02
2014-05-26,.
2014-05-27,82.57
2014-05-28,82.47
2014-05-29,82.91
2014-05-30,83.00
2014-06-02,83.06
2014-06-03,83.02
2014-06-04,83.22
2014-06-05,83.86
2014-06-06,84.29
2014-06-09,84.43
2014-06-10,84.38
2014-06-11,84.08
2014-06-12,83.51
2014-06-13,83.77
2014-06-16,83.83
2014-06-17,84.09
2014-06-18,84.71
2014-06-19,84.82
2014-06-20,85.00
2014-06-23,84.98
2014-06-24,84.40
2014-06-25,84.84
2014-06-26,84.76
2014-06-27,84.99
2014-06-30,85.03
2014-07-01,85.62
2014-07-02,85.60
2014-07-03,86.06
2014-07-04,.
2014-07-07,85.60
2014-07-08,84.97
2014-07-09,85.35
2014-07-10,84.97
2014-07-11,85.07
2014-07-14,85.48
2014-07-15,85.27
2014-07-16,85.59
2014-07-17,84.58
2014-07-18,85.48
2014-07-21,85.27
2014-07-22,85.71
2014-07-23,85.87
2014-07-24,85.90
2014-07-25,85.46
2014-07-28,85.44
2014-07-29,85.09
2014-07-30,85.15
2014-07-31,83.45
2014-08-01,83.21
2014-08-04,83.81
2014-08-05,83.07
2014-08-06,83.10
2014-08-07,82.68
2014-08-08,83.60
2014-08-11,83.90
2014-08-12,83.72
2014-08-13,84.32
2014-08-14,84.66
2014-08-15,84.65
2014-08-18,85.43
2014-08-19,85.84
2014-08-20,86.03
2014-08-21,86.27
2014-08-22,86.13
2014-08-25,86.54
2014-08-26,86.68
2014-08-27,86.68
2014-08-28,86.52
2014-08-29,86.85
2014-09-01,.
2014-09-02,86.87
2014-09-03,86.76
2014-09-04,86.61
2014-09-05,87.03
2014-09-08,86.82
2014-09-09,86.21
2014-09-10,86.51
2014-09-11,86.67
2014-09-12,86.11
2014-09-15,85.92
2014-09-16,86.54
2014-09-17,86.66
2014-09-18,87.06
2014-09-19,86.92
2014-09-22,86.11
2014-09-23,85.60
2014-09-24,86.25
2014-09-25,84.88
2014-09-26,85.62
2014-09-29,85.42
2014-09-30,85.09
2014-10-01,83.95
2014-10-02,84.03
2014-10-03,84.93
2014-10-06,84.75
2014-10-07,83.46
2014-10-08,84.89
2014-10-09,83.11
2014-10-10,82.12
2014-10-13,80.85
2014-10-14,81.08
2014-10-15,80.59
2014-10-16,80.75
2014-10-17,81.68
2014-10-20,82.45
2014-10-21,84.07
2014-10-22,83.40
2014-10-23,84.46
2014-10-24,85.01
2014-10-27,84.89
2014-10-28,86.00
2014-10-29,85.87
2014-10-30,86.39
2014-10-31,87.44
2014-11-03,87.44
2014-11-04,87.17
2014-11-05,87.62
2014-11-06,88.00
2014-11-07,88.06
2014-11-10,88.35
2014-11-11,88.40
2014-11-12,88.42
2014-11-13,88.39
2014-11-14,88.42
2014-11-17,88.41
2014-11-18,88.89
2014-11-19,88.70
2014-11-20,88.96
2014-11-21,89.40
2014-11-24,89.73
2014-11-25,89.65
2014-11-26,89.93
2014-11-27,.
2014-11-28,89.61
2014-12-01,88.88
2014-12-02,89.45
2014-12-03,89.87
2014-12-04,89.74
2014-12-05,89.93
2014-12-08,89.24
2014-12-09,89.33
2014-12-10,87.83
2014-12-11,88.26
2014-12-12,86.88
2014-12-15,86.28
2014-12-16,85.61
2014-12-17,87.42
2014-12-18,89.44
2014-12-19,89.83
2014-12-22,90.20
2014-12-23,90.38
2014-12-24,90.41
2014-12-25,.
2014-12-26,90.74
2014-12-29,90.87
2014-12-30,90.46
2014-12-31,89.56
2015-01-01,.
2015-01-02,89.53
2015-01-05,87.95
2015-01-06,87.12
2015-01-07,88.16
2015-01-08,89.71
2015-01-09,88.96
2015-01-12,88.29
2015-01-13,88.13
2015-01-14,87.64
2015-01-15,86.78
2015-01-16,87.95
2015-01-19,.
2015-01-20,88.03
2015-01-21,88.42
2015-01-22,89.82
2015-01-23,89.37
2015-01-26,89.74
2015-01-27,88.64
2015-01-28,87.43
2015-01-29,88.27
2015-01-30,87.08
2015-02-02,88.14
2015-02-03,89.44
2015-02-04,89.12
2015-02-05,90.09
2015-02-06,89.81
2015-02-09,89.41
2015-02-10,90.31
2015-02-11,90.33
2015-02-12,91.24
2015-02-13,91.63
2015-02-16,.
2015-02-17,91.76
2015-02-18,91.80
2015-02-19,91.71
2015-02-20,92.29
2015-02-23,92.25
2015-02-24,92.47
2015-02-25,92.46
2015-02-26,92.33
2015-02-27,92.04
2015-03-02,92.62
2015-03-03,92.21
2015-03-04,91.82
2015-03-05,91.94
2015-03-06,90.68
2015-03-09,91.04
2015-03-10,89.58
2015-03-11,89.53
2015-03-12,90.68
2015-03-13,90.17
2015-03-16,91.29
2015-03-17,91.08
2015-03-18,92.14
2015-03-19,91.77
2015-03-20,92.59
2015-03-23,92.42
2015-03-24,91.91
2015-03-25,90.52
2015-03-26,90.30
2015-03-27,90.58
2015-03-30,91.72
2015-03-31,91.00
2015-04-01,90.69
2015-04-02,91.02
2015-04-03,.
2015-04-06,91.60
2015-04-07,91.34
2015-04-08,91.64
2015-04-09,91.94
2015-04-10,92.39
2015-04-13,92.03
2015-04-14,92.16
2015-04-15,92.63
2015-04-16,92.57
2015-04-17,91.50
2015-04-20,92.33
2015-04-21,92.22
2015-04-22,92.65
2015-04-23,92.90
2015-04-24,93.06
2015-04-27,92.61
2015-04-28,92.89
2015-04-29,92.51
2015-04-30,91.50
2015-05-01,92.41
2015-05-04,92.69
2015-05-05,91.57
2015-05-06,91.28
2015-05-07,91.65
2015-05-08,92.81
2015-05-11,92.40
2015-05-12,92.16
2015-05-13,92.15
2015-05-14,93.13
2015-05-15,93.21
2015-05-18,93.56
2015-05-19,93.50
2015-05-20,93.44
2015-05-21,93.64
2015-05-22,93.43
2015-05-25,.
2015-05-26,92.49
2015-05-27,93.35
2015-05-28,93.25
2015-05-29,92.68
2015-06-01,92.88
2015-06-02,92.81
2015-06-03,93.08
2015-06-04,92.29
2015-06-05,92.26
2015-06-08,91.67
2015-06-09,91.66
2015-06-10,92.74
2015-06-11,92.96
2015-06-12,92.37
2015-06-15,91.93
2015-06-16,92.46
2015-06-17,92.63
2015-06-18,93.55
2015-06-19,93.10
2015-06-22,93.65
2015-06-23,93.74
2015-06-24,93.02
2015-06-25,92.73
2015-06-26,92.72
2015-06-29,90.78
2015-06-30,91.06
2015-07-01,91.65
2015-07-02,91.58
2015-07-03,.
2015-07-06,91.26
2015-07-07,91.77
2015-07-08,90.28
2015-07-09,90.50
2015-07-10,91.60
2015-07-13,92.61
2015-07-14,93.03
2015-07-15,92.89
2015-07-16,93.61
2015-07-17,93.64
2015-07-20,93.65
2015-07-21,93.22
2015-07-22,93.04
2015-07-23,92.49
2015-07-24,91.52
2015-07-27,90.94
2015-07-28,92.02
2015-07-29,92.72
2015-07-30,92.78
2015-07-31,92.64
2015-08-03,92.36
2015-08-04,92.20
2015-08-05,92.52
2015-08-06,91.80
2015-08-07,91.52
2015-08-10,92.68
2015-08-11,91.82
2015-08-12,91.89
2015-08-13,91.79
2015-08-14,92.18
2015-08-17,92.73
2015-08-18,92.46
2015-08-19,91.68
2015-08-20,89.71
2015-08-21,87.05
2015-08-24,83.61
2015-08-25,82.55
2015-08-26,85.58
2015-08-27,87.64
2015-08-28,87.81
2015-08-31,87.13
2015-09-01,84.61
2015-09-02,86.13
2015-09-03,86.26
2015-09-04,85.03
2015-09-07,.
2015-09-08,87.12
2015-09-09,85.95
2015-09-10,86.38
2015-09-11,86.80
2015-09-14,86.46
2015-09-15,87.53
2015-09-16,88.30
2015-09-17,88.15
2015-09-18,86.75
2015-09-21,87.11
2015-09-22,86.00
2015-09-23,85.82
2015-09-24,85.52
2015-09-25,85.42
2015-09-28,83.23
2015-09-29,83.25
2015-09-30,84.76
2015-10-01,84.90
2015-10-02,86.11
2015-10-05,87.75
2015-10-06,87.43
2015-10-07,88.22
2015-10-08,88.99
2015-10-09,89.07
2015-10-12,89.15
2015-10-13,88.51
2015-10-14,88.03
2015-10-15,89.38
2015-10-16,89.72
2015-10-19,89.76
2015-10-20,89.66
2015-10-21,89.05
2015-10-22,90.43
2015-10-23,91.40
2015-10-26,91.21
2015-10-27,90.87
2015-10-28,92.08
2015-10-29,91.96
2015-10-30,91.55
2015-11-02,92.72
2015-11-03,92.97
2015-11-04,92.70
2015-11-05,92.63
2015-11-06,92.62
2015-11-09,91.71
2015-11-10,91.89
2015-11-11,91.55
2015-11-12,90.25
2015-11-13,89.28
2015-11-16,90.54
2015-11-17,90.41
2015-11-18,91.85
2015-11-19,91.75
2015-11-20,92.11
2015-11-23,92.05
2015-11-24,92.22
2015-11-25,92.28
2015-11-26,.
2015-11-27,92.39
2015-11-30,91.97
2015-12-01,92.90
2015-12-02,91.91
2015-12-03,90.53
2015-12-04,92.27
2015-12-07,91.54
2015-12-08,90.96
2015-12-09,90.24
2015-12-10,90.45
2015-12-11,88.70
2015-12-14,88.98
2015-12-15,89.96
2015-12-16,91.28
2015-12-17,89.97
2015-12-18,88.44
2015-12-21,89.11
2015-12-22,89.88
2015-12-23,91.04
2015-12-24,90.93
2015-12-25,.
2015-12-28,90.71
2015-12-29,91.67
2015-12-30,91.00
2015-12-31,90.16
2016-01-01,.
2016-01-04,88.78
2016-01-05,88.96
2016-01-06,87.81
2016-01-07,85.70
2016-01-08,84.74
2016-01-11,84.75
2016-01-12,85.30
2016-01-13,83.12
2016-01-14,84.45
2016-01-15,82.67
2016-01-18,.
2016-01-19,82.57
2016-01-20,81.68
2016-01-21,82.04
2016-01-22,83.77
2016-01-25,82.38
2016-01-26,83.65
2016-01-27,82.72
2016-01-28,83.11
2016-01-29,85.24
2016-02-01,85.19
2016-02-02,83.54
2016-02-03,83.97
2016-02-04,84.17
2016-02-05,82.50
2016-02-08,81.29
2016-02-09,81.18
2016-02-10,81.21
2016-02-11,80.23
2016-02-12,81.80
2016-02-15,.
2016-02-16,83.24
2016-02-17,84.61
2016-02-18,84.26
2016-02-19,84.30
2016-02-22,85.49
2016-02-23,84.48
2016-02-24,84.89
2016-02-25,85.86
2016-02-26,85.80
2016-02-29,85.20
2016-03-01,87.21
2016-03-02,87.68
2016-03-03,88.08
2016-03-04,88.40
2016-03-07,88.57
2016-03-08,87.48
2016-03-09,87.92
2016-03-10,87.84
2016-03-11,89.35
2016-03-14,89.22
2016-03-15,88.95
2016-03-16,89.51
2016-03-17,90.20
2016-03-18,90.62
2016-03-21,90.70
2016-03-22,90.65
2016-03-23,89.94
2016-03-24,89.93
2016-03-25,.
2016-03-28,90.00
2016-03-29,90.96
2016-03-30,91.32
2016-03-31,91.22
2016-04-01,91.74
2016-04-04,91.41
2016-04-05,90.50
2016-04-06,91.47
2016-04-07,90.38
2016-04-08,90.67
2016-04-11,90.42
2016-04-12,91.30
2016-04-13,92.32
2016-04-14,92.33
2016-04-15,92.30
2016-04-18,92.87
2016-04-19,93.17
2016-04-20,93.25
2016-04-21,92.74
2016-04-22,92.87
2016-04-25,92.69
2016-04-26,92.94
2016-04-27,93.11
2016-04-28,92.26
2016-04-29,91.80
2016-05-02,92.54
2016-05-03,91.65
2016-05-04,91.14
2016-05-05,91.08
2016-05-06,91.43
2016-05-09,91.51
2016-05-10,92.64
2016-05-11,91.78
2016-05-12,91.74
2016-05-13,90.99
2016-05-16,91.89
2016-05-17,91.01
2016-05-18,91.04
2016-05-19,90.68
2016-05-20,91.34
2016-05-23,91.16
2016-05-24,92.44
2016-05-25,93.09
2016-05-26,93.06
2016-05-27,93.51
2016-05-30,.
2016-05-31,93.46
2016-06-01,93.63
2016-06-02,93.94
2016-06-03,93.63
2016-06-06,94.13
2016-06-07,94.28
2016-06-08,94.64
2016-06-09,94.43
2016-06-10,93.49
2016-06-13,92.76
2016-06-14,92.57
2016-06-15,92.47
2016-06-16,92.72
2016-06-17,92.46
2016-06-20,93.06
2016-06-21,93.27
2016-06-22,93.09
2016-06-23,94.39
2016-06-24,91.03
2016-06-27,89.26
2016-06-28,90.87
2016-06-29,92.46
2016-06-30,93.75
2016-07-01,93.98
2016-07-04,.
2016-07-05,93.29
2016-07-06,93.82
2016-07-07,93.77
2016-07-08,95.25
2016-07-11,95.64
2016-07-12,96.33
2016-07-13,96.32
2016-07-14,96.77
2016-07-15,96.71
2016-07-18,96.94
2016-07-19,96.79
2016-07-20,97.23
2016-07-21,96.90
2016-07-22,97.38
2016-07-25,97.08
2016-07-26,97.15
2016-07-27,97.05
2016-07-28,97.22
2016-07-29,97.43
2016-08-01,97.29
2016-08-02,96.58
2016-08-03,96.97
2016-08-04,97.02
2016-08-05,97.87
2016-08-08,97.81
2016-08-09,97.88
2016-08-10,97.60
2016-08-11,98.05
2016-08-12,97.99
2016-08-15,98.33
2016-08-16,97.76
2016-08-17,97.91
2016-08-18,98.18
2016-08-19,98.05
2016-08-22,98.05
2016-08-23,98.28
2016-08-24,97.74
2016-08-25,97.68
2016-08-26,97.50
2016-08-29,98.04
2016-08-30,97.89
2016-08-31,97.68
2016-09-01,97.68
2016-09-02,98.19
2016-09-05,.
2016-09-06,98.47
2016-09-07,98.57
2016-09-08,98.34
2016-09-09,95.87
2016-09-12,97.23
2016-09-13,95.76
2016-09-14,95.71
2016-09-15,96.70
2016-09-16,96.34
2016-09-19,96.42
2016-09-20,96.41
2016-09-21,97.49
2016-09-22,98.21
2016-09-23,97.65
2016-09-26,96.84
2016-09-27,97.38
2016-09-28,97.96
2016-09-29,97.00
2016-09-30,97.77
2016-10-03,97.45
2016-10-04,96.98
2016-10-05,97.43
2016-10-06,97.43
2016-10-07,97.09
2016-10-10,97.59
2016-10-11,96.36
2016-10-12,96.48
2016-10-13,96.15
2016-10-14,96.14
2016-10-17,95.88
2016-10-18,96.46
2016-10-19,96.70
2016-10-20,96.55
2016-10-21,96.54
2016-10-24,97.03
2016-10-25,96.64
2016-10-26,96.39
2016-10-27,95.99
2016-10-28,95.73
2016-10-31,95.79
2016-11-01,95.09
2016-11-02,94.38
2016-11-03,94.00
2016-11-04,93.92
2016-11-07,95.99
2016-11-08,96.38
2016-11-09,97.67
2016-11-10,97.93
2016-11-11,98.04
2016-11-14,98.28
2016-11-15,98.99
2016-11-16,98.87
2016-11-17,99.36
2016-11-18,99.21
2016-11-21,99.93
2016-11-22,100.28
2016-11-23,100.41
2016-11-24,.
2016-11-25,100.82
2016-11-28,100.24
2016-11-29,100.40
2016-11-30,100.15
2016-12-01,99.80
2016-12-02,99.85
2016-12-05,100.56
2016-12-06,101.01
2016-12-07,102.30
2016-12-08,102.66
2016-12-09,103.16
2016-12-12,102.96
2016-12-13,103.56
2016-12-14,102.66
2016-12-15,103.07
2016-12-16,102.92
2016-12-19,103.17
2016-12-20,103.62
2016-12-21,103.34
2016-12-22,103.08
2016-12-23,103.27
2016-12-26,.
2016-12-27,103.53
2016-12-28,102.65
2016-12-29,102.66
2016-12-30,102.21
2017-01-02,.
2017-01-03,103.06
2017-01-04,103.84
2017-01-05,103.67
2017-01-06,103.97
2017-01-09,103.55
2017-01-10,103.65
2017-01-11,103.94
2017-01-12,103.66
2017-01-13,103.92
2017-01-16,.
2017-01-17,103.48
2017-01-18,103.72
2017-01-19,103.29
2017-01-20,103.64
2017-01-23,103.37
2017-01-24,104.15
2017-01-25,104.97
2017-01-26,104.86
2017-01-27,104.72
2017-01-30,104.02
2017-01-31,104.03
2017-02-01,104.06
2017-02-02,104.10
2017-02-03,104.95
2017-02-06,104.68
2017-02-07,104.66
2017-02-08,104.76
2017-02-09,105.48
2017-02-10,105.89
2017-02-13,106.43
2017-02-14,106.86
2017-02-15,107.40
2017-02-16,107.28
2017-02-17,107.45
2017-02-20,.
2017-02-21,108.11
2017-02-22,107.95
2017-02-23,107.91
2017-02-24,108.08
2017-02-27,108.31
2017-02-28,107.90
2017-03-01,109.40
2017-03-02,108.67
2017-03-03,108.73
2017-03-06,108.33
2017-03-07,107.96
2017-03-08,107.67
2017-03-09,107.68
2017-03-10,108.02
2017-03-13,108.14
2017-03-14,107.76
2017-03-15,108.74
2017-03-16,108.64
2017-03-17,108.56
2017-03-20,108.30
2017-03-21,106.79
2017-03-22,106.95
2017-03-23,106.94
2017-03-24,106.88
2017-03-27,106.79
2017-03-28,107.56
2017-03-29,107.74
2017-03-30,108.12
2017-03-31,107.95
2017-04-03,107.68
2017-04-04,107.75
2017-04-05,107.32
2017-04-06,107.67
2017-04-07,107.58
2017-04-10,107.69
2017-04-11,107.67
2017-04-12,107.17
2017-04-13,106.40
2017-04-14,.
2017-04-17,107.35
2017-04-18,107.09
2017-04-19,106.98
2017-04-20,107.82
2017-04-21,107.51
2017-04-24,108.67
2017-04-25,109.36
2017-04-26,109.37
2017-04-27,109.42
2017-04-28,109.08
2017-05-01,109.32
2017-05-02,109.36
2017-05-03,109.15
2017-05-04,109.15
2017-05-05,109.67
2017-05-08,109.62
2017-05-09,109.52
2017-05-10,109.73
2017-05-11,109.45
2017-05-12,109.24
2017-05-15,109.80
2017-05-16,109.75
2017-05-17,107.72
2017-05-18,108.12
2017-05-19,108.86
2017-05-22,109.44
2017-05-23,109.66
2017-05-24,109.93
2017-05-25,110.37
2017-05-26,110.41
2017-05-29,.
2017-05-30,110.21
2017-05-31,110.18
2017-06-01,111.18
2017-06-02,111.58
2017-06-05,111.39
2017-06-06,111.07
2017-06-07,111.25
2017-06-08,111.42
2017-06-09,111.38
2017-06-12,111.28
2017-06-13,111.85
2017-06-14,111.69
2017-06-15,111.42
2017-06-16,111.41
2017-06-19,112.32
2017-06-20,111.53
2017-06-21,111.40
2017-06-22,111.42
2017-06-23,111.68
2017-06-26,111.76
2017-06-27,110.84
2017-06-28,111.90
2017-06-29,110.97
2017-06-30,111.14
2017-07-03,111.48
2017-07-04,.
2017-07-05,111.54
2017-07-06,110.45
2017-07-07,111.20
2017-07-10,111.22
2017-07-11,111.20
2017-07-12,112.01
2017-07-13,112.21
2017-07-14,112.70
2017-07-17,112.74
2017-07-18,112.77
2017-07-19,113.43
2017-07-20,113.40
2017-07-21,113.32
2017-07-24,113.26
2017-07-25,113.67
2017-07-26,113.64
2017-07-27,113.50
2017-07-28,113.31
2017-07-31,113.23
2017-08-01,113.50
2017-08-02,113.43
2017-08-03,113.19
2017-08-04,113.46
2017-08-07,113.62
2017-08-08,113.35
2017-08-09,113.22
2017-08-10,111.60
2017-08-11,111.76
2017-08-14,112.92
2017-08-15,112.81
2017-08-16,113.00
2017-08-17,111.27
2017-08-18,111.07
2017-08-21,111.18
2017-08-22,112.30
2017-08-23,111.99
2017-08-24,111.82
2017-08-25,112.05
2017-08-28,112.11
2017-08-29,112.22
2017-08-30,112.80
2017-08-31,113.50
2017-09-01,113.79
2017-09-04,.
2017-09-05,112.88
2017-09-06,113.20
2017-09-07,113.14
2017-09-08,112.98
2017-09-11,114.21
2017-09-12,114.63
2017-09-13,114.73
2017-09-14,114.66
2017-09-15,114.90
2017-09-18,115.14
2017-09-19,115.26
2017-09-20,115.40
2017-09-21,115.08
2017-09-22,115.19
2017-09-25,114.98
2017-09-26,115.04
2017-09-27,115.65
2017-09-28,115.83
2017-09-29,116.24
2017-10-02,116.79
2017-10-03,117.06
2017-10-04,117.16
2017-10-05,117.79
2017-10-06,117.69
2017-10-09,117.46
2017-10-10,117.74
2017-10-11,117.93
2017-10-12,117.74
2017-10-13,117.82
2017-10-16,118.01
2017-10-17,118.03
2017-10-18,118.15
2017-10-19,118.17
2017-10-20,118.78
2017-10-23,118.25
2017-10-24,118.45
2017-10-25,117.87
2017-10-26,118.06
2017-10-27,119.00
2017-10-30,118.51
2017-10-31,118.74
2017-11-01,118.84
2017-11-02,118.93
2017-11-03,119.25
2017-11-06,119.42
2017-11-07,119.26
2017-11-08,119.42
2017-11-09,118.94
2017-11-10,118.92
2017-11-13,119.03
2017-11-14,118.76
2017-11-15,118.14
2017-11-16,119.20
2017-11-17,119.00
2017-11-20,119.22
2017-11-21,120.03
2017-11-22,119.97
2017-11-23,.
2017-11-24,120.20
2017-11-27,120.11
2017-11-28,121.36
2017-11-29,121.40
2017-11-30,122.35
2017-12-01,122.12
2017-12-04,122.00
2017-12-05,121.46
2017-12-06,121.36
2017-12-07,121.83
2017-12-08,122.47
2017-12-11,122.81
2017-12-12,122.96
2017-12-13,122.95
2017-12-14,122.41
2017-12-15,123.53
2017-12-18,124.31
2017-12-19,123.85
2017-12-20,123.80
2017-12-21,124.10
2017-12-22,124.03
2017-12-25,.
2017-12-26,123.94
2017-12-27,124.04
2017-12-28,124.33
2017-12-29,123.67
2018-01-01,.
2018-01-02,124.67
2018-01-03,125.37
2018-01-04,125.83
2018-01-05,126.64
2018-01-08,126.87
2018-01-09,127.01
2018-01-10,126.88
2018-01-11,127.91
2018-01-12,128.69
2018-01-15,.
2018-01-16,128.14
2018-01-17,129.33
2018-01-18,129.05
2018-01-19,129.75
2018-01-22,130.79
2018-01-23,131.11
2018-01-24,130.94
2018-01-25,131.01
2018-01-26,132.41
2018-01-29,131.53
2018-01-30,130.15
2018-01-31,130.16
2018-02-01,130.16
2018-02-02,127.42
2018-02-05,122.30
2018-02-06,124.30
2018-02-07,123.79
2018-02-08,119.27
2018-02-09,120.98
2018-02-12,122.60
2018-02-13,122.96
2018-02-14,124.70
2018-02-15,126.21
2018-02-16,126.30
2018-02-19,.
2018-02-20,125.54
2018-02-21,124.93
2018-02-22,125.01
2018-02-23,126.96
2018-02-26,128.38
2018-02-27,126.74
2018-02-28,125.36
2018-03-01,123.88
2018-03-02,124.64
2018-03-05,125.99
2018-03-06,126.43
2018-03-07,126.50
2018-03-08,127.01
2018-03-09,129.15
2018-03-12,129.06
2018-03-13,128.24
2018-03-14,127.57
2018-03-15,127.39
2018-03-16,127.72
2018-03-19,125.98
2018-03-20,126.15
2018-03-21,126.02
2018-03-22,122.93
2018-03-23,120.37
2018-03-26,123.54
2018-03-27,121.38
2018-03-28,121.11
2018-03-29,122.73
2018-03-30,.
2018-04-02,120.00
2018-04-03,121.50
2018-04-04,122.92
2018-04-05,123.79
2018-04-06,121.17
2018-04-09,121.51
2018-04-10,123.55
2018-04-11,122.98
2018-04-12,123.96
2018-04-13,123.55
2018-04-16,124.55
2018-04-17,125.88
2018-04-18,126.01
2018-04-19,125.33
2018-04-20,124.32
2018-04-23,124.29
2018-04-24,122.75
2018-04-25,122.91
2018-04-26,124.10
2018-04-27,124.20
2018-04-30,123.21
2018-05-01,123.55
2018-05-02,122.80
2018-05-03,122.53
2018-05-04,124.12
2018-05-07,124.62
2018-05-08,124.66
2018-05-09,125.82
2018-05-10,126.92
2018-05-11,127.16
2018-05-14,127.20
2018-05-15,126.43
2018-05-16,127.03
2018-05-17,127.02
2018-05-18,126.74
2018-05-21,127.68
2018-05-22,127.22
2018-05-23,127.61
2018-05-24,127.38
2018-05-25,127.11
2018-05-28,.
2018-05-29,125.83
2018-05-30,127.48
2018-05-31,126.60
2018-06-01,127.92
2018-06-04,128.54
2018-06-05,128.70
2018-06-06,129.80
2018-06-07,129.68
2018-06-08,130.10
2018-06-11,130.23
2018-06-12,130.52
2018-06-13,129.97
2018-06-14,130.34
2018-06-15,130.22
2018-06-18,130.09
2018-06-19,129.60
2018-06-20,129.93
2018-06-21,129.05
2018-06-22,129.26
2018-06-25,127.43
2018-06-26,127.77
2018-06-27,126.56
2018-06-28,127.33
2018-06-29,127.43
2018-07-02,127.86
2018-07-03,127.34
2018-07-04,.
2018-07-05,128.47
2018-07-06,129.57
2018-07-09,130.72
2018-07-10,131.05
2018-07-11,130.16
2018-07-12,131.31
2018-07-13,131.42
2018-07-16,131.23
2018-07-17,131.77
2018-07-18,132.09
2018-07-19,131.71
2018-07-20,131.56
2018-07-23,131.77
2018-07-24,132.11
2018-07-25,133.19
2018-07-26,132.95
2018-07-27,131.91
2018-07-30,131.12
2018-07-31,131.85
2018-08-01,131.74
2018-08-02,132.53
2018-08-03,133.03
2018-08-06,133.59
2018-08-07,133.97
2018-08-08,133.91
2018-08-09,133.84
2018-08-10,133.01
2018-08-13,132.44
2018-08-14,133.34
2018-08-15,132.27
2018-08-16,133.38
2018-08-17,133.85
2018-08-20,134.20
2018-08-21,134.56
2018-08-22,134.57
2018-08-23,134.33
2018-08-24,135.16
2018-08-27,136.13
2018-08-28,136.18
2018-08-29,136.92
2018-08-30,136.37
2018-08-31,136.47
2018-09-03,.
2018-09-04,136.24
2018-09-05,135.81
2018-09-06,135.31
2018-09-07,134.99
2018-09-10,135.27
2018-09-11,135.77
2018-09-12,135.82
2018-09-13,136.47
2018-09-14,136.59
2018-09-17,135.73
2018-09-18,136.43
2018-09-19,136.48
2018-09-20,137.56
2018-09-21,137.42
2018-09-24,136.93
2018-09-25,136.84
2018-09-26,136.25
2018-09-27,136.64
2018-09-28,136.69
2018-10-01,136.91
2018-10-02,136.71
2018-10-03,136.93
2018-10-04,135.73
2018-10-05,134.91
2018-10-08,134.80
2018-10-09,134.60
2018-10-10,130.22
2018-10-11,127.60
2018-10-12,129.27
2018-10-15,128.67
2018-10-16,131.52
2018-10-17,131.42
2018-10-18,129.48
2018-10-19,129.28
2018-10-22,128.74
2018-10-23,128.01
2018-10-24,123.99
2018-10-25,126.33
2018-10-26,124.21
2018-10-29,123.37
2018-10-30,125.36
2018-10-31,126.72
2018-11-01,128.26
2018-11-02,127.54
2018-11-05,128.12
2018-11-06,128.88
2018-11-07,131.55
2018-11-08,131.24
2018-11-09,129.94
2018-11-12,127.38
2018-11-13,127.23
2018-11-14,126.28
2018-11-15,127.69
2018-11-16,127.96
2018-11-19,125.73
2018-11-20,123.48
2018-11-21,124.04
2018-11-22,.
2018-11-23,123.34
2018-11-26,125.27
2018-11-27,125.47
2018-11-28,128.41
2018-11-29,128.13
2018-11-30,129.17
2018-12-03,130.59
2018-12-04,126.21
2018-12-05,.
2018-12-06,126.14
2018-12-07,123.24
2018-12-10,123.33
2018-12-11,123.25
2018-12-12,123.96
2018-12-13,123.75
2018-12-14,121.50
2018-12-17,118.88
2018-12-18,118.90
2018-12-19,117.04
2018-12-20,115.17
2018-12-21,112.76
2018-12-24,109.80
2018-12-25,.
2018-12-26,115.29
2018-12-27,116.18
2018-12-28,116.15
2018-12-31,117.16
2019-01-01,.
2019-01-02,117.32
2019-01-03,114.56
2019-01-04,118.52
2019-01-07,119.58
2019-01-08,120.83
2019-01-09,121.43
2019-01-10,121.99
2019-01-11,122.00
2019-01-14,121.32
2019-01-15,122.59
2019-01-16,122.96
2019-01-17,123.92
2019-01-18,125.53
2019-01-21,.
2019-01-22,123.73
2019-01-23,123.95
2019-01-24,124.23
2019-01-25,125.38
2019-01-28,124.48
2019-01-29,124.28
2019-01-30,126.18
2019-01-31,127.29
2019-02-01,127.45
2019-02-04,128.40
2019-02-05,128.98
2019-02-06,128.71
2019-02-07,127.59
2019-02-08,127.70
2019-02-11,127.90
2019-02-12,129.54
2019-02-13,129.93
2019-02-14,129.68
2019-02-15,131.12
2019-02-18,.
2019-02-19,131.36
2019-02-20,131.60
2019-02-21,131.15
2019-02-22,132.03
2019-02-25,132.20
2019-02-26,132.01
2019-02-27,132.07
2019-02-28,131.71
2019-03-01,132.62
2019-03-04,132.02
2019-03-05,131.83
2019-03-06,130.78
2019-03-07,129.76
2019-03-08,129.51
2019-03-11,131.46
2019-03-12,131.82
2019-03-13,132.70
2019-03-14,132.61
2019-03-15,133.22
2019-03-18,133.79
2019-03-19,133.69
2019-03-20,133.24
2019-03-21,134.75
2019-03-22,131.97
2019-03-25,131.90
2019-03-26,132.89
2019-03-27,132.28
2019-03-28,132.85
2019-03-29,133.69
2019-04-01,135.24
2019-04-02,135.22
2019-04-03,135.56
2019-04-04,135.83
2019-04-05,136.54
2019-04-08,136.65
2019-04-09,135.78
2019-04-10,136.43
2019-04-11,136.45
2019-04-12,137.35
2019-04-15,137.22
2019-04-16,137.30
2019-04-17,136.89
2019-04-18,137.08
2019-04-19,.
2019-04-22,137.18
2019-04-23,138.51
2019-04-24,138.27
2019-04-25,138.08
2019-04-26,138.83
2019-04-29,139.01
2019-04-30,139.04
2019-05-01,138.02
2019-05-02,137.80
2019-05-03,139.30
2019-05-06,138.76
2019-05-07,136.42
2019-05-08,136.16
2019-05-09,135.80
2019-05-10,136.30
2019-05-13,132.87
2019-05-14,134.05
2019-05-15,134.82
2019-05-16,136.03
2019-05-17,135.11
2019-05-20,134.17
2019-05-21,135.39
2019-05-22,134.90
2019-05-23,133.17
2019-05-24,133.46
2019-05-27,.
2019-05-28,132.38
2019-05-29,131.44
2019-05-30,131.65
2019-05-31,129.97
2019-06-03,129.62
2019-06-04,132.49
2019-06-05,133.48
2019-06-06,134.23
2019-06-07,135.57
2019-06-10,136.24
2019-06-11,136.16
2019-06-12,135.90
2019-06-13,136.57
2019-06-14,136.25
2019-06-17,136.45
2019-06-18,137.82
2019-06-19,138.26
2019-06-20,139.50
2019-06-21,139.18
2019-06-24,138.76
2019-06-25,137.46
2019-06-26,137.30
2019-06-27,138.10
2019-06-28,139.02
2019-07-01,140.03
2019-07-02,140.34
2019-07-03,141.47
2019-07-04,.
2019-07-05,141.31
2019-07-08,140.56
2019-07-09,140.83
2019-07-10,141.41
2019-07-11,141.63
2019-07-12,142.35
2019-07-15,142.31
2019-07-16,141.87
2019-07-17,140.98
2019-07-18,141.48
2019-07-19,140.62
2019-07-22,140.97
2019-07-23,141.95
2019-07-24,142.83
2019-07-25,141.96
2019-07-26,143.10
2019-07-29,142.74
2019-07-30,142.57
2019-07-31,141.09
2019-08-01,139.70
2019-08-02,138.61
2019-08-05,134.45
2019-08-06,136.19
2019-08-07,136.31
2019-08-08,138.96
2019-08-09,137.97
2019-08-12,136.29
2019-08-13,138.23
2019-08-14,134.25
2019-08-15,134.50
2019-08-16,136.55
2019-08-19,138.15
2019-08-20,137.08
2019-08-21,138.23
2019-08-22,138.16
2019-08-23,134.55
2019-08-26,136.00
2019-08-27,135.39
2019-08-28,136.31
2019-08-29,138.11
2019-08-30,138.20
2019-09-02,.
2019-09-03,137.17
2019-09-04,138.65
2019-09-05,140.52
2019-09-06,140.56
2019-09-09,140.70
2019-09-10,140.89
2019-09-11,142.07
2019-09-12,142.40
2019-09-13,142.34
2019-09-16,142.06
2019-09-17,142.36
2019-09-18,142.33
2019-09-19,142.30
2019-09-20,141.66
2019-09-23,141.66
2019-09-24,140.35
2019-09-25,141.30
2019-09-26,140.85
2019-09-27,140.03
2019-09-30,140.72
2019-10-01,138.92
2019-10-02,136.58
2019-10-03,137.68
2019-10-04,139.56
2019-10-07,139.00
2019-10-08,136.84
2019-10-09,138.06
2019-10-10,138.88
2019-10-11,140.51
2019-10-14,140.28
2019-10-15,141.67
2019-10-16,141.36
2019-10-17,141.88
2019-10-18,141.32
2019-10-21,142.34
2019-10-22,141.88
2019-10-23,142.24
2019-10-24,142.58
2019-10-25,143.21
2019-10-28,144.03
2019-10-29,143.90
2019-10-30,144.30
2019-10-31,143.80
2019-11-01,145.30
2019-11-04,145.85
2019-11-05,145.71
2019-11-06,145.70
2019-11-07,146.15
2019-11-08,146.57
2019-11-11,146.32
2019-11-12,146.51
2019-11-13,146.55
2019-11-14,146.71
2019-11-15,147.82
2019-11-18,147.87
2019-11-19,147.89
2019-11-20,147.40
2019-11-21,147.11
2019-11-22,147.44
2019-11-25,148.73
2019-11-26,149.08
2019-11-27,149.75
2019-11-28,.
2019-11-29,149.13
2019-12-02,147.81
2019-12-03,146.90
2019-12-04,147.81
2019-12-05,148.03
2019-12-06,149.38
2019-12-09,148.93
2019-12-10,148.80
2019-12-11,149.16
2019-12-12,150.40
2019-12-13,150.38
2019-12-16,151.49
2019-12-17,151.59
2019-12-18,151.59
2019-12-19,152.27
2019-12-20,153.01
2019-12-23,153.15
2019-12-24,153.16
2019-12-25,.
2019-12-26,153.93
2019-12-27,153.85
2019-12-30,153.03
2019-12-31,153.50
2020-01-01,.
2020-01-02,154.70
2020-01-03,153.76
2020-01-06,154.27
2020-01-07,153.90
2020-01-08,154.63
2020-01-09,155.62
2020-01-10,155.18
2020-01-13,156.33
2020-01-14,156.21
2020-01-15,156.51
2020-01-16,157.89
2020-01-17,158.37
2020-01-20,.
2020-01-21,157.95
2020-01-22,158.01
2020-01-23,158.21
2020-01-24,156.74
2020-01-27,154.34
2020-01-28,155.87
2020-01-29,155.72
2020-01-30,156.23
2020-01-31,153.51
2020-02-03,154.71
2020-02-04,157.08
2020-02-05,158.66
2020-02-06,159.13
2020-02-07,158.28
2020-02-10,159.47
2020-02-11,159.84
2020-02-12,160.91
2020-02-13,160.80
2020-02-14,161.11
2020-02-17,.
2020-02-18,160.74
2020-02-19,161.53
2020-02-20,161.07
2020-02-21,159.38
2020-02-24,154.12
2020-02-25,149.36
2020-02-26,148.58
2020-02-27,142.16
2020-02-28,140.93
2020-03-02,147.14
2020-03-03,143.16
2020-03-04,148.98
2020-03-05,143.99
2020-03-06,141.44
2020-03-09,130.39
2020-03-10,136.63
2020-03-11,129.67
2020-03-12,117.14
2020-03-13,127.82
2020-03-16,112.12
2020-03-17,118.64
2020-03-18,111.80
2020-03-19,113.04
2020-03-20,108.24
2020-03-23,105.22
2020-03-24,115.13
2020-03-25,116.71
2020-03-26,123.94
2020-03-27,119.82
2020-03-30,123.57
2020-03-31,121.73
2020-04-01,116.12
2020-04-02,118.53
2020-04-03,116.53
2020-04-06,124.83
2020-04-07,124.75
2020-04-08,129.19
2020-04-09,131.45
2020-04-10,.
2020-04-13,129.99
2020-04-14,133.90
2020-04-15,130.86
2020-04-16,131.54
2020-04-17,135.18
2020-04-20,132.86
2020-04-21,128.84
2020-04-22,131.78
2020-04-23,131.86
2020-04-24,133.72
2020-04-27,136.08
2020-04-28,135.55
2020-04-29,139.47
2020-04-30,137.87
2020-05-01,133.83
2020-05-04,134.45
2020-05-05,135.69
2020-05-06,134.83
2020-05-07,136.55
2020-05-08,139.15
2020-05-11,139.09
2020-05-12,136.08
2020-05-13,133.48
2020-05-14,135.02
2020-05-15,135.66
2020-05-18,140.24
2020-05-19,138.77
2020-05-20,141.22
2020-05-21,140.28
2020-05-22,140.71
2020-05-25,.
2020-05-26,142.63
2020-05-27,144.90
2020-05-28,144.35
2020-05-29,145.04
2020-06-01,145.81
2020-06-02,147.01
2020-06-03,149.22
2020-06-04,148.75
2020-06-05,152.65
2020-06-08,154.79
2020-06-09,153.43
2020-06-10,152.37
2020-06-11,143.26
2020-06-12,145.30
2020-06-15,146.77
2020-06-16,149.56
2020-06-17,148.86
2020-06-18,149.00
2020-06-19,148.21
2020-06-22,149.19
2020-06-23,149.78
2020-06-24,145.81
2020-06-25,147.48
2020-06-26,143.90
2020-06-29,146.15
2020-06-30,148.44
2020-07-01,149.10
2020-07-02,149.79
2020-07-03,.
2020-07-06,152.18
2020-07-07,150.49
2020-07-08,151.75
2020-07-09,150.85
2020-07-10,152.53
2020-07-13,150.85
2020-07-14,152.87
2020-07-15,154.61
2020-07-16,154.00
2020-07-17,154.48
2020-07-20,155.84
2020-07-21,156.13
2020-07-22,157.02
2020-07-23,155.16
2020-07-24,154.04
2020-07-27,155.33
2020-07-28,154.26
2020-07-29,156.38
2020-07-30,155.87
2020-07-31,156.84
2020-08-03,158.17
2020-08-04,158.80
2020-08-05,159.97
2020-08-06,160.85
2020-08-07,161.02
2020-08-10,161.46
2020-08-11,160.14
2020-08-12,162.35
2020-08-13,162.15
2020-08-14,162.11
2020-08-17,162.74
2020-08-18,163.03
2020-08-19,162.33
2020-08-20,162.88
2020-08-21,163.36
2020-08-24,164.95
2020-08-25,165.48
2020-08-26,167.01
2020-08-27,167.37
2020-08-28,168.51
2020-08-31,168.31
2020-09-01,169.63
2020-09-02,171.94
2020-09-03,165.84
2020-09-04,164.48
2020-09-07,.
2020-09-08,159.75
2020-09-09,162.98
2020-09-10,160.29
2020-09-11,160.25
2020-09-14,162.79
2020-09-15,163.67
2020-09-16,163.08
2020-09-17,161.65
2020-09-18,160.01
2020-09-21,158.08
2020-09-22,159.65
2020-09-23,155.70
2020-09-24,156.18
2020-09-25,158.82
2020-09-28,161.50
2020-09-29,160.75
2020-09-30,162.00
2020-10-01,163.24
2020-10-02,161.84
2020-10-05,164.88
2020-10-06,162.76
2020-10-07,165.62
2020-10-08,167.03
2020-10-09,168.46
2020-10-12,171.05
2020-10-13,170.07
2020-10-14,168.98
2020-10-15,168.86
2020-10-16,168.73
2020-10-19,166.09
2020-10-20,166.79
2020-10-21,166.27
2020-10-22,167.35
2020-10-23,167.98
2020-10-26,164.89
2020-10-27,164.35
2020-10-28,158.70
2020-10-29,160.59
2020-10-30,158.44
2020-11-02,160.41
2020-11-03,163.49
2020-11-04,166.95
2020-11-05,170.34
2020-11-06,170.23
2020-11-09,172.19
2020-11-10,172.12
2020-11-11,173.47
2020-11-12,171.77
2020-11-13,174.15
2020-11-16,176.33
2020-11-17,175.88
2020-11-18,174.06
2020-11-19,174.96
2020-11-20,173.94
2020-11-23,175.26
2020-11-24,178.03
2020-11-25,177.93
2020-11-26,.
2020-11-27,178.51
2020-11-30,177.50
2020-12-01,179.45
2020-12-02,179.70
2020-12-03,179.94
2020-12-04,181.75
2020-12-07,181.60
2020-12-08,182.32
2020-12-09,180.65
2020-12-10,180.84
2020-12-11,180.50
2020-12-14,179.96
2020-12-15,182.41
2020-12-16,182.62
2020-12-17,183.91
2020-12-18,183.39
2020-12-21,182.86
2020-12-22,182.84
2020-12-23,183.08
2020-12-24,183.61
2020-12-25,.
2020-12-28,184.77
2020-12-29,184.10
2020-12-30,184.55
2020-12-31,185.45
2021-01-01,.
2021-01-04,182.74
2021-01-05,184.23
2021-01-06,185.70
2021-01-07,188.71
2021-01-08,189.61
2021-01-11,188.59
2021-01-12,189.11
2021-01-13,189.32
2021-01-14,189.02
2021-01-15,187.59
2021-01-18,.
2021-01-19,189.18
2021-01-20,191.67
2021-01-21,191.61
2021-01-22,191.36
2021-01-25,191.94
2021-01-26,191.42
2021-01-27,186.54
2021-01-28,188.32
2021-01-29,184.84
2021-02-01,188.02
2021-02-02,190.72
2021-02-03,190.98
2021-02-04,193.22
2021-02-05,194.20
2021-02-08,195.97
2021-02-09,195.94
2021-02-10,195.87
2021-02-11,196.24
2021-02-12,197.20
2021-02-15,.
2021-02-16,196.95
2021-02-17,196.67
2021-02-18,195.58
2021-02-19,195.80
2021-02-22,194.01
2021-02-23,194.00
2021-02-24,196.29
2021-02-25,191.17
2021-02-26,190.48
2021-03-01,195.18
2021-03-02,193.31
2021-03-03,190.65
2021-03-04,187.71
2021-03-05,191.27
2021-03-08,190.28
2021-03-09,193.25
2021-03-10,194.56
2021-03-11,197.02
2021-03-12,197.39
2021-03-15,198.77
2021-03-16,198.08
2021-03-17,198.70
2021-03-18,195.33
2021-03-19,195.49
2021-03-22,196.59
2021-03-23,194.49
2021-03-24,192.95
2021-03-25,194.25
2021-03-26,197.44
2021-03-29,196.65
2021-03-30,196.48
2021-03-31,197.48
2021-04-01,200.00
2021-04-02,.
2021-04-05,202.60
2021-04-06,202.53
2021-04-07,202.51
2021-04-08,203.60
2021-04-09,205.00
2021-04-12,204.96
2021-04-13,205.68
2021-04-14,205.03
2021-04-15,207.27
2021-04-16,207.93
2021-04-19,206.64
2021-04-20,204.93
2021-04-21,207.09
2021-04-22,205.41
2021-04-23,207.87
2021-04-26,208.57
2021-04-27,208.54
2021-04-28,208.43
2021-04-29,209.47
2021-04-30,207.91
2021-05-03,208.36
2021-05-04,206.70
2021-05-05,206.61
2021-05-06,207.95
2021-05-07,209.66
2021-05-10,207.10
2021-05-11,205.53
2021-05-12,200.85
2021-05-13,203.20
2021-05-14,206.59
2021-05-17,206.12
2021-05-18,204.56
2021-05-19,203.89
2021-05-20,206.12
2021-05-21,206.03
2021-05-24,208.04
2021-05-25,207.46
2021-05-26,208.26
2021-05-27,208.68
2021-05-28,208.87
2021-05-31,208.87
2021-06-01,209.02
2021-06-02,209.32
2021-06-03,208.40
2021-06-04,210.20
2021-06-07,210.45
2021-06-08,210.80
2021-06-09,210.30
2021-06-10,211.13
2021-06-11,211.77
2021-06-14,212.06
2021-06-15,211.51
2021-06-16,210.50
2021-06-17,210.33
2021-06-18,207.62
2021-06-21,210.55
2021-06-22,211.63
2021-06-23,211.54
2021-06-24,212.92
2021-06-25,213.65
2021-06-28,213.97
2021-06-29,213.94
2021-06-30,214.11
2021-07-01,215.21
2021-07-02,216.51
2021-07-05,.
2021-07-06,215.99
2021-07-07,216.38
2021-07-08,214.54
2021-07-09,217.23
2021-07-12,217.85
2021-07-13,216.67
2021-07-14,216.53
2021-07-15,215.84
2021-07-16,214.25
2021-07-19,211.00
2021-07-20,214.59
2021-07-21,216.54
2021-07-22,216.68
2021-07-23,218.84
2021-07-26,219.32
2021-07-27,218.07
2021-07-28,218.28
2021-07-29,219.23
2021-07-30,217.95
2021-08-02,217.59
2021-08-03,219.17
2021-08-04,218.15
2021-08-05,219.72
2021-08-06,220.04
2021-08-09,219.88
2021-08-10,220.04
2021-08-11,220.60
2021-08-12,221.21
2021-08-13,221.33
2021-08-16,221.50
2021-08-17,219.82
2021-08-18,217.64
2021-08-19,217.55
2021-08-20,219.49
2021-08-23,221.64
2021-08-24,222.30
2021-08-25,222.85
2021-08-26,221.43
2021-08-27,223.77
2021-08-30,224.59
2021-08-31,224.37
2021-09-01,224.62
2021-09-02,225.41
2021-09-03,225.30
2021-09-06,.
2021-09-07,224.42
2021-09-08,223.91
2021-09-09,223.03
2021-09-10,221.22
2021-09-13,221.72
2021-09-14,220.31
2021-09-15,222.22
2021-09-16,222.02
2021-09-17,220.28
2021-09-20,216.40
2021-09-21,216.42
2021-09-22,218.58
2021-09-23,221.27
2021-09-24,221.46
2021-09-27,221.15
2021-09-28,216.61
2021-09-29,216.84
2021-09-30,214.42
2021-10-01,216.92
2021-10-04,214.09
2021-10-05,216.22
2021-10-06,217.01
2021-10-07,219.09
2021-10-08,218.53
2021-10-11,217.06
2021-10-12,216.87
2021-10-13,217.64
2021-10-14,221.27
2021-10-15,222.72
2021-10-18,223.53
2021-10-19,225.06
2021-10-20,225.94
2021-10-21,226.66
2021-10-22,226.22
2021-10-25,227.41
2021-10-26,227.58
2021-10-27,225.99
2021-10-28,228.50
2021-10-29,228.85
2021-11-01,229.88
2021-11-02,230.55
2021-11-03,232.27
2021-11-04,233.06
2021-11-05,234.02
2021-11-08,234.36
2021-11-09,233.55
2021-11-10,231.34
2021-11-11,231.68
2021-11-12,233.30
2021-11-15,233.25
2021-11-16,234.19
2021-11-17,233.38
2021-11-18,233.87
2021-11-19,233.39
2021-11-22,232.47
2021-11-23,232.74
2021-11-24,233.37
2021-11-25,.
2021-11-26,227.94
2021-11-29,230.57
2021-11-30,226.17
2021-12-01,223.01
2021-12-02,226.45
2021-12-03,224.04
2021-12-06,226.79
2021-12-07,231.59
2021-12-08,232.54
2021-12-09,230.38
2021-12-10,232.13
2021-12-13,229.89
2021-12-14,228.19
2021-12-15,231.90
2021-12-16,229.51
2021-12-17,227.77
2021-12-20,225.04
2021-12-21,229.44
2021-12-22,231.75
2021-12-23,233.26
2021-12-24,.
2021-12-27,236.26
2021-12-28,235.81
2021-12-29,236.10
2021-12-30,235.60
2021-12-31,234.96
2022-01-03,236.60
2022-01-04,236.26
2022-01-05,231.17
2022-01-06,231.17
2022-01-07,230.13
2022-01-10,229.79
2022-01-11,232.08
2022-01-12,232.47
2022-01-13,229.20
2022-01-14,229.40
2022-01-17,.
2022-01-18,224.88
2022-01-19,222.57
2022-01-20,219.99
2022-01-21,215.67
2022-01-24,216.64
2022-01-25,213.84
2022-01-26,213.26
2022-01-27,211.71
2022-01-28,216.92
2022-01-31,221.51
2022-02-01,223.21
2022-02-02,224.73
2022-02-03,219.32
2022-02-04,220.84
2022-02-07,220.25
2022-02-08,222.31
2022-02-09,225.75
2022-02-10,221.78
2022-02-11,217.72
2022-02-14,216.88
2022-02-15,220.67
2022-02-16,220.78
2022-02-17,215.96
2022-02-18,214.29
2022-02-21,.
2022-02-22,211.92
2022-02-23,207.93
2022-02-24,211.50
2022-02-25,216.28
2022-02-28,216.10
2022-03-01,212.74
2022-03-02,216.74
2022-03-03,215.25
2022-03-04,213.23
2022-03-07,206.78
2022-03-08,205.65
2022-03-09,211.11
2022-03-10,210.22
2022-03-11,207.32
2022-03-14,205.40
2022-03-15,209.65
2022-03-16,214.70
2022-03-17,217.57
2022-03-18,220.23
2022-03-21,219.98
2022-03-22,222.62
2022-03-23,219.85
2022-03-24,222.95
2022-03-25,223.86
2022-03-28,225.41
2022-03-29,228.58
2022-03-30,226.81
2022-03-31,223.34
2022-04-01,224.25
2022-04-04,226.08
2022-04-05,222.88
2022-04-06,220.45
2022-04-07,221.16
2022-04-08,220.44
2022-04-11,216.98
2022-04-12,216.34
2022-04-13,219.14
2022-04-14,216.48
2022-04-15,.
2022-04-18,216.22
2022-04-19,219.94
2022-04-20,219.70
2022-04-21,216.12
2022-04-22,210.26
2022-04-25,211.55
2022-04-26,205.44
